时间,设备名称,加速度X(g),加速度Y(g),加速度Z(g),角速度X(°/s),角速度Y(°/s),角速度Z(°/s),角度X(°),角度Y(°),角度Z(°),磁场X(ʯt),磁场Y(ʯt),磁场Z(ʯt),温度(℃),四元数0(),四元数1(),四元数2(),四元数3()
 00:17:23.587,WT901BLE67(D03E7DA4620A), 0.004, 0.032, 1, 0, 0, 0, 1.011, 0.961, -1.505, -1.550, 55.225, -24.975, 31.69, -0.99973, -0.01627, 0.00211, 0.01312,
 00:17:23.632,WT901BLE67(D03E7DA4620A), 0.003, 0.032, 1, 0, 0, 0, 1.011, 0.961, -1.505, -1.550, 55.225, -24.975, 31.69, -0.99973, -0.01627, 0.00211, 0.01312,
 00:17:23.751,WT901BLE67(D03E7DA4620A), 0.004, 0.033, 0.998, 0, 0, 0, 1.011, 0.961, -1.505, -1.492, 55.108, -24.775, 31.69, -0.99973, -0.01627, 0.00211, 0.01312,
 00:17:23.840,WT901BLE67(D03E7DA4620A), 0.004, 0.033, 0.999, 0, 0, 0, 1.011, 0.961, -1.505, -1.492, 55.108, -24.775, 31.69, -0.99973, -0.01624, 0.00211, 0.01309,
 00:17:23.961,WT901BLE67(D03E7DA4620A), 0.004, 0.033, 1, 0, 0, 0, 1.011, 0.956, -1.505, -1.492, 55.108, -24.775, 31.69, -0.99973, -0.01624, 0.00211, 0.01309,
 00:17:24.052,WT901BLE67(D03E7DA4620A), 0.003, 0.033, 0.999, 0, 0, 0, 1.016, 0.956, -1.505, -1.492, 55.108, -24.775, 31.69, -0.99973, -0.01624, 0.00211, 0.01309,
 00:17:24.171,WT901BLE67(D03E7DA4620A), 0.004, 0.033, 1, 0, 0, 0, 1.016, 0.956, -1.5, -1.525, 55.150, -24.900, 31.69, -0.99973, -0.01624, 0.00211, 0.01309,
 00:17:24.231,WT901BLE67(D03E7DA4620A), 0.003, 0.033, 0.999, 0, 0, 0, 1.016, 0.956, -1.5, -1.525, 55.150, -24.900, 31.69, -0.99973, -0.01624, 0.00211, 0.01309,
 00:17:24.351,WT901BLE67(D03E7DA4620A), 0.004, 0.033, 1, 0, 0, 0, 1.016, 0.961, -1.5, -1.525, 55.150, -24.900, 31.69, -0.99973, -0.01627, 0.00211, 0.01306,
 00:17:24.441,WT901BLE67(D03E7DA4620A), 0.003, 0.033, 1, 0, 0, 0, 1.016, 0.961, -1.5, -1.525, 55.150, -24.900, 31.69, -0.99973, -0.01627, 0.00211, 0.01306,
 00:17:24.560,WT901BLE67(D03E7DA4620A), 0.004, 0.033, 0.999, 0, 0, 0, 1.016, 0.961, -1.5, -1.392, 55.083, -24.908, 31.69, -0.99973, -0.01627, 0.00211, 0.01306,
 00:17:24.650,WT901BLE67(D03E7DA4620A), 0.003, 0.033, 0.999, 0, 0, 0, 1.016, 0.961, -1.5, -1.392, 55.083, -24.908, 31.69, -0.99973, -0.01627, 0.00211, 0.01306,
 00:17:24.771,WT901BLE67(D03E7DA4620A), 0.004, 0.033, 1, 0, 0, 0, 1.016, 0.961, -1.5, -1.392, 55.083, -24.908, 31.69, -0.99973, -0.01627, 0.00211, 0.01306,
 00:17:24.831,WT901BLE67(D03E7DA4620A), 0.003, 0.033, 0.999, 0, 0, 0, 1.016, 0.961, -1.5, -1.392, 55.083, -24.908, 31.69, -0.99973, -0.01627, 0.00211, 0.01306,
 00:17:24.951,WT901BLE67(D03E7DA4620A), 0.003, 0.033, 1, 0, 0, 0, 1.016, 0.961, -1.5, -1.392, 55.083, -24.908, 31.69, -0.99973, -0.01627, 0.00211, 0.01306,
 00:17:25.040,WT901BLE67(D03E7DA4620A), 0.004, 0.033, 1, 0, 0, 0, 1.016, 0.961, -1.5, -1.425, 55.092, -25.008, 31.69, -0.99973, -0.01627, 0.00211, 0.01306,
 00:17:25.161,WT901BLE67(D03E7DA4620A), 0.003, 0.033, 0.999, 0, 0, 0, 1.016, 0.961, -1.494, -1.425, 55.092, -25.008, 31.69, -0.99973, -0.01627, 0.00211, 0.01303,
 00:17:25.252,WT901BLE67(D03E7DA4620A), 0.003, 0.033, 1, 0, 0, 0, 1.016, 0.961, -1.494, -1.425, 55.092, -25.008, 31.69, -0.99973, -0.01627, 0.00211, 0.01303,
 00:17:25.401,WT901BLE67(D03E7DA4620A), 0.004, 0.033, 1, 0, 0, 0, 1.016, 0.961, -1.494, -1.425, 55.092, -25.008, 31.69, -0.99973, -0.01627, 0.00211, 0.01303,
 00:17:25.432,WT901BLE67(D03E7DA4620A), 0.003, 0.033, 1, 0, 0, 0, 1.016, 0.961, -1.494, -1.425, 55.092, -25.008, 31.69, -0.99973, -0.01627, 0.00211, 0.01303,
 00:17:25.551,WT901BLE67(D03E7DA4620A), 0.003, 0.032, 1, 0, 0, 0, 1.016, 0.961, -1.494, -1.425, 55.092, -25.008, 31.69, -0.99973, -0.01627, 0.00211, 0.01303,
 00:17:25.641,WT901BLE67(D03E7DA4620A), 0.004, 0.033, 1, 0, 0, 0, 1.016, 0.961, -1.494, -1.425, 55.092, -25.008, 31.69, -0.99973, -0.01627, 0.00211, 0.01303,
 00:17:25.761,WT901BLE67(D03E7DA4620A), 0.003, 0.033, 1, 0, 0, 0, 1.016, 0.967, -1.494, -1.425, 55.092, -25.008, 31.69, -0.99973, -0.01627, 0.00211, 0.01303,
 00:17:28.283,WT901BLE67(D03E7DA4620A), 0.003, 0.033, 1, 0, 0, 0, 1.016, 0.967, -1.494, -1.442, 55.133, -24.650, 31.69, -0.99973, -0.01627, 0.00211, 0.01303,
 00:17:28.283,WT901BLE67(D03E7DA4620A), 0.003, 0.032, 1, 0, 0, 0, 1.016, 0.967, -1.494, -1.442, 55.133, -24.650, 31.69, -0.99973, -0.01627, 0.00211, 0.01303,
 00:17:28.283,WT901BLE67(D03E7DA4620A), 0.003, 0.033, 1, 0, 0, 0, 1.016, 0.967, -1.494, -1.442, 55.133, -24.650, 31.69, -0.99973, -0.01627, 0.00211, 0.01303,
 00:17:28.283,WT901BLE67(D03E7DA4620A), 0.004, 0.033, 1, 0, 0, 0, 1.016, 0.967, -1.494, -1.442, 55.133, -24.650, 31.69, -0.99973, -0.01627, 0.00211, 0.01303,
 00:17:28.283,WT901BLE67(D03E7DA4620A), 0.004, 0.033, 1, 0, 0, 0, 1.016, 0.967, -1.494, -1.442, 55.133, -24.650, 31.69, -0.99973, -0.01627, 0.00211, 0.01303,
 00:17:28.284,WT901BLE67(D03E7DA4620A), 0.003, 0.033, 1, 0, 0, 0, 1.016, 0.967, -1.494, -1.442, 55.133, -24.650, 31.69, -0.99973, -0.01627, 0.00211, 0.01303,
 00:17:28.284,WT901BLE67(D03E7DA4620A), 0.003, 0.032, 0.999, 0, 0, 0, 1.016, 0.967, -1.494, -1.442, 55.133, -24.650, 31.69, -0.99973, -0.01627, 0.00211, 0.01303,
 00:17:28.284,WT901BLE67(D03E7DA4620A), 0.004, 0.032, 1, 0, 0, 0, 1.016, 0.967, -1.494, -1.442, 55.133, -24.650, 31.69, -0.99973, -0.01627, 0.00211, 0.01303,
 00:17:28.285,WT901BLE67(D03E7DA4620A), 0.004, 0.033, 0.999, 0, 0, 0, 1.016, 0.967, -1.494, -1.442, 55.133, -24.650, 31.69, -0.99973, -0.01627, 0.00211, 0.01303,
 00:17:28.285,WT901BLE67(D03E7DA4620A), 0.004, 0.033, 1, 0, 0, 0, 1.016, 0.967, -1.494, -1.442, 55.133, -24.650, 31.69, -0.99973, -0.01627, 0.00211, 0.01303,
 00:17:28.285,WT901BLE67(D03E7DA4620A), 0.004, 0.033, 1.001, 0, 0, 0, 1.016, 0.967, -1.494, -1.442, 55.133, -24.650, 31.69, -0.99973, -0.01627, 0.00211, 0.01303,
 00:17:28.285,WT901BLE67(D03E7DA4620A), 0.004, 0.033, 1.004, 0, 0, 0, 1.016, 0.967, -1.494, -1.442, 55.133, -24.650, 31.69, -0.99973, -0.01627, 0.00211, 0.01303,
 00:17:28.285,WT901BLE67(D03E7DA4620A), 0.003, 0.033, 1.004, 0, 0, 0, 1.016, 0.967, -1.494, -1.442, 55.133, -24.650, 31.69, -0.99973, -0.01627, 0.00211, 0.01303,
 00:17:28.285,WT901BLE67(D03E7DA4620A), 0.004, 0.033, 1, 0, 0, 0, 1.016, 0.967, -1.489, -1.442, 55.133, -24.650, 31.69, -0.99973, -0.01627, 0.00211, 0.01303,
 00:17:28.285,WT901BLE67(D03E7DA4620A), 0.003, 0.033, 1, 0, 0, 0, 1.016, 0.967, -1.489, -1.442, 55.133, -24.650, 31.69, -0.99973, -0.01627, 0.00211, 0.01303,
 00:17:28.285,WT901BLE67(D03E7DA4620A), 0.004, 0.032, 0.999, 0, 0, 0, 1.016, 0.967, -1.489, -1.442, 55.133, -24.650, 31.69, -0.99973, -0.01627, 0.00211, 0.01303,
 00:17:28.285,WT901BLE67(D03E7DA4620A), 0.004, 0.032, 1, 0, 0, 0, 1.016, 0.967, -1.489, -1.442, 55.133, -24.650, 31.69, -0.99973, -0.01627, 0.00211, 0.01303,
 00:17:28.286,WT901BLE67(D03E7DA4620A), 0.004, 0.033, 1, 0, 0, 0, 1.016, 0.967, -1.494, -1.442, 55.133, -24.650, 31.69, -0.99973, -0.01627, 0.00211, 0.01303,
 00:17:28.286,WT901BLE67(D03E7DA4620A), 0.003, 0.034, 1, 0, 0, 0, 1.016, 0.967, -1.494, -1.442, 55.133, -24.650, 31.69, -0.99973, -0.01627, 0.00211, 0.01303,
 00:17:28.286,WT901BLE67(D03E7DA4620A), 0.004, 0.033, 1, 0, 0, 0, 1.016, 0.967, -1.494, -1.442, 55.133, -24.650, 31.69, -0.99973, -0.01627, 0.00211, 0.01303,
 00:17:28.286,WT901BLE67(D03E7DA4620A), 0.003, 0.033, 1, 0, 0, 0, 1.016, 0.967, -1.494, -1.442, 55.133, -24.650, 31.69, -0.99973, -0.01627, 0.00211, 0.01303,
 00:17:28.286,WT901BLE67(D03E7DA4620A), 0.003, 0.033, 1, 0, 0, 0, 1.016, 0.967, -1.494, -1.442, 55.133, -24.650, 31.69, -0.99973, -0.01627, 0.00211, 0.01303,
 00:17:28.287,WT901BLE67(D03E7DA4620A), 0.004, 0.032, 1, 0, 0, 0, 1.016, 0.967, -1.494, -1.442, 55.133, -24.650, 31.69, -0.99973, -0.01627, 0.00211, 0.01303,
 00:17:28.287,WT901BLE67(D03E7DA4620A), 0.003, 0.033, 0.999, 0, 0, 0, 1.016, 0.967, -1.494, -1.442, 55.133, -24.650, 31.69, -0.99973, -0.01627, 0.00211, 0.01303,
 00:17:28.287,WT901BLE67(D03E7DA4620A), 0.004, 0.032, 1, 0, 0, 0, 1.016, 0.967, -1.494, -1.442, 55.133, -24.650, 31.69, -0.99973, -0.01627, 0.00211, 0.01303,
 00:17:28.400,WT901BLE67(D03E7DA4620A), 0.004, 0.032, 0.999, 0, 0, 0, 1.016, 0.967, -1.494, -1.442, 55.133, -24.650, 31.69, -0.99973, -0.01627, 0.00211, 0.01303,
 00:17:28.431,WT901BLE67(D03E7DA4620A), 0.003, 0.033, 1, 0, 0, 0, 1.016, 0.967, -1.489, -1.442, 55.133, -24.650, 31.69, -0.99973, -0.01627, 0.00211, 0.01303,
 00:17:28.551,WT901BLE67(D03E7DA4620A), 0.003, 0.033, 1.001, 0, 0, 0, 1.016, 0.967, -1.489, -1.442, 55.133, -24.650, 31.69, -0.99973, -0.01627, 0.00211, 0.01303,
 00:17:28.641,WT901BLE67(D03E7DA4620A), 0.003, 0.032, 1, 0, 0, 0, 1.016, 0.967, -1.489, -1.442, 55.133, -24.650, 31.69, -0.99973, -0.01627, 0.00211, 0.01303,
 00:17:28.761,WT901BLE67(D03E7DA4620A), 0.003, 0.033, 1, 0, 0, 0, 1.016, 0.967, -1.489, -1.442, 55.133, -24.650, 31.69, -0.99973, -0.01627, 0.00211, 0.01303,
 00:17:28.851,WT901BLE67(D03E7DA4620A), 0.003, 0.033, 1, 0, 0, 0, 1.016, 0.967, -1.489, -1.425, 55.217, -24.850, 31.69, -0.99973, -0.01627, 0.00211, 0.01303,
 00:17:28.972,WT901BLE67(D03E7DA4620A), 0.003, 0.033, 1, 0, 0, 0, 1.016, 0.967, -1.489, -1.425, 55.217, -24.850, 31.69, -0.99973, -0.0163, 0.00204, 0.013,
 00:17:29.031,WT901BLE67(D03E7DA4620A), 0.004, 0.033, 1.001, 0, 0, 0, 1.016, 0.967, -1.489, -1.425, 55.217, -24.850, 31.69, -0.99973, -0.0163, 0.00204, 0.013,
 00:17:29.181,WT901BLE67(D03E7DA4620A), 0.004, 0.033, 1, 0, 0, 0, 1.016, 0.967, -1.489, -1.425, 55.217, -24.850, 31.69, -0.99973, -0.0163, 0.00204, 0.013,
 00:17:29.241,WT901BLE67(D03E7DA4620A), 0.003, 0.032, 1, 0, 0, 0, 1.016, 0.967, -1.489, -1.483, 55.133, -24.875, 31.69, -0.99973, -0.0163, 0.00204, 0.013,
 00:17:29.361,WT901BLE67(D03E7DA4620A), 0.004, 0.033, 1, 0, 0, 0, 1.016, 0.967, -1.489, -1.483, 55.133, -24.875, 31.69, -0.99973, -0.0163, 0.00201, 0.013,
 00:17:29.451,WT901BLE67(D03E7DA4620A), 0.003, 0.033, 1, 0, 0, 0, 1.016, 0.967, -1.489, -1.483, 55.133, -24.875, 31.69, -0.99973, -0.0163, 0.00201, 0.013,
 00:17:29.571,WT901BLE67(D03E7DA4620A), 0.004, 0.033, 1, 0, 0, 0, 1.022, 0.967, -1.489, -1.483, 55.133, -24.875, 31.69, -0.99973, -0.0163, 0.00201, 0.013,
 00:17:29.631,WT901BLE67(D03E7DA4620A), 0.003, 0.033, 1, 0, 0, 0, 1.022, 0.967, -1.489, -1.483, 55.133, -24.875, 31.69, -0.99973, -0.0163, 0.00201, 0.013,
 00:17:29.751,WT901BLE67(D03E7DA4620A), 0.004, 0.033, 1, 0, 0, 0, 1.022, 0.967, -1.489, -1.625, 55.067, -25.175, 31.69, -0.99973, -0.01633, 0.00204, 0.01297,
 00:17:29.841,WT901BLE67(D03E7DA4620A), 0.004, 0.033, 1.001, 0, 0, 0, 1.022, 0.967, -1.489, -1.625, 55.067, -25.175, 31.69, -0.99973, -0.01633, 0.00204, 0.01297,
 00:17:29.961,WT901BLE67(D03E7DA4620A), 0.004, 0.033, 0.999, 0, 0, 0, 1.022, 0.967, -1.489, -1.625, 55.067, -25.175, 31.69, -0.99973, -0.01633, 0.00204, 0.01297,
 00:17:30.051,WT901BLE67(D03E7DA4620A), 0.004, 0.033, 1, 0, 0, 0, 1.022, 0.967, -1.489, -1.625, 55.067, -25.175, 31.69, -0.99973, -0.01633, 0.00204, 0.01297,
 00:17:30.171,WT901BLE67(D03E7DA4620A), 0.004, 0.033, 1, 0, 0, 0, 1.022, 0.967, -1.489, -1.575, 55.058, -24.875, 31.69, -0.99973, -0.01633, 0.00204, 0.01297,
 00:17:30.231,WT901BLE67(D03E7DA4620A), 0.004, 0.033, 1, 0, 0, 0, 1.022, 0.967, -1.489, -1.575, 55.058, -24.875, 31.69, -0.99973, -0.01633, 0.00204, 0.01297,
 00:17:30.351,WT901BLE67(D03E7DA4620A), 0.003, 0.032, 1, 0, 0, 0, 1.022, 0.967, -1.489, -1.575, 55.058, -24.875, 31.69, -0.99973, -0.01633, 0.00204, 0.01297,
 00:17:30.441,WT901BLE67(D03E7DA4620A), 0.003, 0.033, 1, 0, 0, 0, 1.022, 0.967, -1.489, -1.575, 55.058, -24.875, 31.69, -0.99973, -0.01633, 0.00204, 0.01297,
 00:17:30.561,WT901BLE67(D03E7DA4620A), 0.004, 0.033, 1, 0, 0, 0, 1.022, 0.967, -1.489, -1.417, 55.067, -24.950, 31.69, -0.99973, -0.01633, 0.00204, 0.01297,
 00:17:30.681,WT901BLE67(D03E7DA4620A), 0.004, 0.034, 1, 0, 0, 0, 1.022, 0.967, -1.489, -1.417, 55.067, -24.950, 31.69, -0.99973, -0.01633, 0.00204, 0.01297,
 00:17:30.771,WT901BLE67(D03E7DA4620A), 0.004, 0.033, 1, 0, 0, 0, 1.022, 0.967, -1.489, -1.417, 55.067, -24.950, 31.69, -0.99973, -0.01633, 0.00204, 0.01297,
 00:17:30.831,WT901BLE67(D03E7DA4620A), 0.003, 0.033, 1, 0, 0, 0, 1.022, 0.967, -1.489, -1.417, 55.067, -24.950, 31.69, -0.99973, -0.01633, 0.00204, 0.01297,
 00:17:31.012,WT901BLE67(D03E7DA4620A), 0.003, 0.033, 1, 0, 0, 0, 1.022, 0.967, -1.489, -1.400, 55.167, -24.833, 31.69, -0.99973, -0.01633, 0.00204, 0.01297,
 00:17:31.040,WT901BLE67(D03E7DA4620A), 0.004, 0.033, 0.999, 0, 0, 0, 1.022, 0.967, -1.489, -1.400, 55.167, -24.833, 31.69, -0.99973, -0.01633, 0.00204, 0.01297,
 00:17:31.162,WT901BLE67(D03E7DA4620A), 0.004, 0.033, 0.999, 0, 0, 0, 1.022, 0.967, -1.489, -1.400, 55.167, -24.833, 31.69, -0.99973, -0.01633, 0.00204, 0.01297,
 00:17:31.251,WT901BLE67(D03E7DA4620A), 0.004, 0.033, 1, 0, 0, 0, 1.022, 0.961, -1.489, -1.400, 55.167, -24.833, 31.69, -0.99973, -0.01633, 0.00204, 0.01297,
 00:17:31.372,WT901BLE67(D03E7DA4620A), 0.003, 0.033, 1.001, 0, 0, 0, 1.022, 0.961, -1.489, -1.450, 55.108, -24.825, 31.69, -0.99973, -0.01633, 0.00204, 0.01297,
 00:17:31.461,WT901BLE67(D03E7DA4620A), 0.003, 0.033, 1.001, 0, 0, 0, 1.022, 0.961, -1.489, -1.450, 55.108, -24.825, 31.69, -0.99973, -0.01633, 0.00208, 0.01297,
 00:17:31.581,WT901BLE67(D03E7DA4620A), 0.004, 0.033, 1.001, 0, 0, 0, 1.022, 0.961, -1.489, -1.450, 55.108, -24.825, 31.69, -0.99973, -0.01633, 0.00208, 0.01297,
 00:17:31.641,WT901BLE67(D03E7DA4620A), 0.004, 0.033, 1.001, 0, 0, 0, 1.022, 0.961, -1.489, -1.450, 55.108, -24.825, 31.69, -0.99973, -0.01633, 0.00208, 0.01297,
 00:17:31.791,WT901BLE67(D03E7DA4620A), 0.004, 0.033, 1.002, 0, 0, 0, 1.027, 0.961, -1.489, -1.458, 55.242, -24.892, 31.69, -0.99973, -0.01633, 0.00208, 0.01297,
 00:17:31.852,WT901BLE67(D03E7DA4620A), 0.004, 0.032, 1.001, 0, 0, 0, 1.027, 0.967, -1.489, -1.458, 55.242, -24.892, 31.69, -0.99973, -0.01633, 0.00208, 0.01297,
 00:17:32.062,WT901BLE67(D03E7DA4620A), 0.003, 0.033, 1.002, 0, 0, 0, 1.022, 0.967, -1.489, -1.458, 55.242, -24.892, 31.69, -0.99973, -0.01636, 0.00208, 0.01297,
 00:17:32.062,WT901BLE67(D03E7DA4620A), 0.003, 0.033, 1.001, 0, 0, 0, 1.022, 0.961, -1.489, -1.458, 55.242, -24.892, 31.69, -0.99973, -0.01636, 0.00208, 0.01297,
 00:17:32.211,WT901BLE67(D03E7DA4620A), 0.004, 0.033, 1.001, 0, 0, 0, 1.022, 0.967, -1.489, -1.458, 55.242, -24.892, 31.69, -0.99973, -0.01636, 0.00208, 0.01297,
 00:17:32.273,WT901BLE67(D03E7DA4620A), 0.003, 0.033, 1, 0, 0, 0, 1.022, 0.967, -1.489, -1.458, 55.242, -24.892, 31.69, -0.99973, -0.01636, 0.00208, 0.01297,
 00:17:32.361,WT901BLE67(D03E7DA4620A), 0.003, 0.033, 0.999, 0, 0, 0, 1.022, 0.967, -1.489, -1.458, 55.242, -24.892, 31.69, -0.99973, -0.01636, 0.00208, 0.01297,
 00:17:32.451,WT901BLE67(D03E7DA4620A), 0.004, 0.033, 0.999, 0, 0, 0, 1.022, 0.967, -1.489, -1.458, 55.242, -24.892, 31.69, -0.99973, -0.01636, 0.00208, 0.01297,
 00:17:32.572,WT901BLE67(D03E7DA4620A), 0.004, 0.032, 0.999, 0, 0, 0, 1.022, 0.967, -1.489, -1.458, 55.242, -24.892, 31.69, -0.99973, -0.01636, 0.00208, 0.01297,
 00:17:32.661,WT901BLE67(D03E7DA4620A), 0.003, 0.033, 1, 0, 0, 0, 1.022, 0.967, -1.489, -1.608, 55.133, -24.825, 31.69, -0.99973, -0.01636, 0.00208, 0.01297,
 00:17:32.782,WT901BLE67(D03E7DA4620A), 0.003, 0.033, 1, 0, 0, 0, 1.022, 0.967, -1.489, -1.608, 55.133, -24.825, 31.69, -0.99973, -0.01633, 0.00208, 0.01297,
 00:17:32.841,WT901BLE67(D03E7DA4620A), 0.004, 0.033, 1, 0, 0, 0, 1.022, 0.967, -1.489, -1.608, 55.133, -24.825, 31.69, -0.99973, -0.01633, 0.00208, 0.01297,
 00:17:33.021,WT901BLE67(D03E7DA4620A), 0.004, 0.033, 1, 0, 0, 0, 1.022, 0.961, -1.489, -1.608, 55.133, -24.825, 31.69, -0.99973, -0.01633, 0.00208, 0.01297,
 00:17:33.051,WT901BLE67(D03E7DA4620A), 0.003, 0.032, 0.999, 0, 0, 0, 1.022, 0.961, -1.489, -1.292, 55.117, -24.742, 31.69, -0.99973, -0.01633, 0.00208, 0.01297,
 00:17:33.201,WT901BLE67(D03E7DA4620A), 0.004, 0.033, 1, 0, 0, 0, 1.022, 0.961, -1.489, -1.292, 55.117, -24.742, 31.69, -0.99973, -0.01633, 0.00208, 0.01297,
 00:17:33.292,WT901BLE67(D03E7DA4620A), 0.003, 0.033, 1, 0, 0, 0, 1.022, 0.967, -1.489, -1.292, 55.117, -24.742, 31.69, -0.99973, -0.01633, 0.00208, 0.01297,
 00:17:33.380,WT901BLE67(D03E7DA4620A), 0.003, 0.033, 1, 0, 0, 0, 1.022, 0.967, -1.489, -1.292, 55.117, -24.742, 31.69, -0.99973, -0.01633, 0.00208, 0.01297,
 00:17:33.441,WT901BLE67(D03E7DA4620A), 0.003, 0.033, 1, 0, 0, 0, 1.022, 0.967, -1.489, -1.292, 55.117, -24.742, 31.69, -0.99973, -0.01633, 0.00208, 0.01297,
 00:17:33.561,WT901BLE67(D03E7DA4620A), 0.004, 0.033, 0.999, 0, 0, 0, 1.022, 0.967, -1.489, -1.450, 55.058, -25.025, 31.69, -0.99973, -0.01633, 0.00208, 0.01297,
 00:17:33.651,WT901BLE67(D03E7DA4620A), 0.004, 0.033, 1.001, 0, 0, 0, 1.022, 0.967, -1.489, -1.450, 55.058, -25.025, 31.69, -0.99973, -0.01636, 0.00208, 0.01297,
 00:17:33.802,WT901BLE67(D03E7DA4620A), 0.004, 0.033, 1, 0, 0, 0, 1.022, 0.967, -1.489, -1.450, 55.058, -25.025, 31.69, -0.99973, -0.01636, 0.00208, 0.01297,
 00:17:33.861,WT901BLE67(D03E7DA4620A), 0.004, 0.033, 0.997, 0, 0, 0, 1.016, 0.967, -1.489, -1.450, 55.058, -25.025, 31.69, -0.99973, -0.01636, 0.00208, 0.01297,
 00:17:33.981,WT901BLE67(D03E7DA4620A), 0.004, 0.032, 0.998, 0, 0, 0, 1.022, 0.961, -1.489, -1.450, 55.058, -25.025, 31.69, -0.99973, -0.01636, 0.00208, 0.01297,
 00:17:34.071,WT901BLE67(D03E7DA4620A), 0.004, 0.033, 0.999, 0, 0, 0, 1.016, 0.961, -1.489, -1.450, 55.058, -25.025, 31.69, -0.99973, -0.01636, 0.00208, 0.01297,
 00:17:34.162,WT901BLE67(D03E7DA4620A), 0.003, 0.033, 1, 0, 0, 0, 1.016, 0.961, -1.489, -1.450, 55.058, -25.025, 31.69, -0.99973, -0.01636, 0.00208, 0.01297,
 00:17:34.281,WT901BLE67(D03E7DA4620A), 0.004, 0.033, 1, 0, 0, 0, 1.016, 0.961, -1.489, -1.450, 55.058, -25.025, 31.69, -0.99973, -0.01636, 0.00208, 0.01297,
 00:17:34.372,WT901BLE67(D03E7DA4620A), 0.005, 0.032, 1, 0, 0, 0, 1.016, 0.961, -1.489, -1.383, 55.150, -24.950, 31.69, -0.99973, -0.01636, 0.00208, 0.01297,
 00:17:34.460,WT901BLE67(D03E7DA4620A), 0.004, 0.033, 1, 0, 0, 0, 1.016, 0.961, -1.489, -1.383, 55.150, -24.950, 31.69, -0.99973, -0.01627, 0.00208, 0.01297,
 00:17:34.580,WT901BLE67(D03E7DA4620A), 0.004, 0.032, 1, 0, 0, 0, 1.016, 0.961, -1.489, -1.383, 55.150, -24.950, 31.69, -0.99973, -0.01627, 0.00208, 0.01297,
 00:17:34.642,WT901BLE67(D03E7DA4620A), 0.003, 0.033, 1, 0, 0, 0, 1.016, 0.961, -1.489, -1.383, 55.150, -24.950, 31.69, -0.99973, -0.01627, 0.00208, 0.01297,
 00:17:34.761,WT901BLE67(D03E7DA4620A), 0.003, 0.032, 0.999, 0, 0, 0, 1.016, 0.961, -1.489, -1.492, 55.083, -24.858, 31.69, -0.99973, -0.01627, 0.00208, 0.01297,
 00:17:34.881,WT901BLE67(D03E7DA4620A), 0.004, 0.033, 1, 0, 0, 0, 1.016, 0.967, -1.489, -1.492, 55.083, -24.858, 31.69, -0.99973, -0.01627, 0.00204, 0.01297,
 00:17:34.970,WT901BLE67(D03E7DA4620A), 0.004, 0.033, 1, 0, 0, 0, 1.016, 0.967, -1.489, -1.492, 55.083, -24.858, 31.69, -0.99973, -0.01627, 0.00204, 0.01297,
 00:17:35.061,WT901BLE67(D03E7DA4620A), 0.004, 0.033, 0.999, 0, 0, 0, 1.016, 0.967, -1.489, -1.492, 55.083, -24.858, 31.69, -0.99973, -0.01627, 0.00204, 0.01297,
 00:17:35.181,WT901BLE67(D03E7DA4620A), 0.004, 0.032, 0.999, 0, 0, 0, 1.016, 0.961, -1.489, -1.383, 55.158, -24.933, 31.69, -0.99973, -0.01627, 0.00204, 0.01297,
 00:17:35.241,WT901BLE67(D03E7DA4620A), 0.004, 0.033, 1, 0, 0, 0, 1.016, 0.961, -1.489, -1.383, 55.158, -24.933, 31.69, -0.99973, -0.01627, 0.00204, 0.01297,
 00:17:35.391,WT901BLE67(D03E7DA4620A), 0.006, 0.033, 1, 0.549, 0, 0, 0.983, 0.961, -1.489, -1.383, 55.158, -24.933, 31.69, -0.99973, -0.01627, 0.00208, 0.01297,
 00:17:35.451,WT901BLE67(D03E7DA4620A), 0.034, 0.027, 1, -0.732, 0.549, 0, 0.906, 0.961, -1.483, -1.383, 55.158, -24.933, 31.69, -0.99973, -0.01627, 0.00208, 0.01297,
 00:17:35.571,WT901BLE67(D03E7DA4620A), 0.009, 0.036, 1.001, 7.629, 0, -23.682, 1.016, 1.033, -3.279, -1.383, 55.158, -24.933, 31.69, -0.99973, -0.01627, 0.00208, 0.01297,
 00:17:35.691,WT901BLE67(D03E7DA4620A), -0.014, 0.043, 1.241, -31.311, 35.95, -3.174, -1.088, 1.115, -2.488, -3.225, 55.267, -24.625, 31.69, -0.99973, -0.01627, 0.00208, 0.01297,
 00:17:35.780,WT901BLE67(D03E7DA4620A), 0.013, 0.095, 1.418, 18.372, 7.751, 8.301, 1.868, -0.17, -2.862, -3.225, 55.267, -24.625, 31.69, -0.99945, -0.01614, 0.00995, 0.02576,
 00:17:35.842,WT901BLE67(D03E7DA4620A), 0.044, 0.097, 1.358, 38.086, 1.038, 34.546, 5.955, -1.137, -1.412, -3.225, 55.267, -24.625, 31.69, -0.99945, -0.01614, 0.00995, 0.02576,
 00:17:35.962,WT901BLE67(D03E7DA4620A), 0.054, 0.151, 1.195, 72.693, 7.751, 32.959, 11.629, -1.384, 1.39, -3.225, 55.267, -24.625, 31.69, -0.99945, -0.01614, 0.00995, 0.02576,
 00:17:36.052,WT901BLE67(D03E7DA4620A), 0.046, 0.209, 1.112, 68.665, 33.203, 8.301, 17.249, -0.725, 2.016, -14.342, 39.642, -24.758, 31.69, -0.99945, -0.01614, 0.00995, 0.02576,
 00:17:36.172,WT901BLE67(D03E7DA4620A), 0.081, 0.273, 0.846, 176.331, 7.629, -11.78, 28.779, 1.176, 2.45, -14.342, 39.642, -24.758, 31.69, -0.96649, -0.25565, -0.00546, -0.02066,
 00:17:36.262,WT901BLE67(D03E7DA4620A), -0.105, 0.437, 0.328, 90.454, 59.57, -46.509, 37.7, 6.663, 2.005, -14.342, 39.642, -24.758, 31.69, -0.96649, -0.25565, -0.00546, -0.02066,
 00:17:36.411,WT901BLE67(D03E7DA4620A), -0.166, 0.419, -0.006, 16.357, 50.476, -37.598, 44.5, 12.805, 1.538, -14.342, 39.642, -24.758, 31.69, -0.96649, -0.25565, -0.00546, -0.02066,
 00:17:36.471,WT901BLE67(D03E7DA4620A), -0.116, 0.385, -0.159, -89.478, 35.461, -17.09, 41.962, 17.809, 2.357, -4.492, 14.167, -41.350, 31.69, -0.96649, -0.25565, -0.00546, -0.02066,
 00:17:36.561,WT901BLE67(D03E7DA4620A), 0.018, 0.223, 0.23, -78.674, -48.523, 24.841, 37.172, 16.078, 1.274, -4.492, 14.167, -41.350, 31.69, -0.94147, -0.31345, -0.11987, 0.03036,
 00:17:36.651,WT901BLE67(D03E7DA4620A), 0.084, 0.099, 0.801, -113.159, -91.309, 0.977, 26.488, 10.706, -2.302, -4.492, 14.167, -41.350, 31.69, -0.94147, -0.31345, -0.11987, 0.03036,
 00:17:36.771,WT901BLE67(D03E7DA4620A), 0.148, 0.058, 1.469, -129.944, -92.407, 18.921, 12.794, 3.922, -5.587, -4.492, 14.167, -41.350, 31.69, -0.94147, -0.31345, -0.11987, 0.03036,
 00:17:36.892,WT901BLE67(D03E7DA4620A), 0.088, -0.025, 1.797, -58.044, -76.965, 19.348, 2, -2.373, -5.922, -5.708, 52.417, -18.992, 31.69, -0.94147, -0.31345, -0.11987, 0.03036,
 00:17:36.982,WT901BLE67(D03E7DA4620A), 0.371, 0.023, 1.256, -57.8, -33.813, -19.47, -0.313, -6.246, -5.048, -5.708, 52.417, -18.992, 31.69, -0.99533, 0.0043, 0.08591, 0.0426,
 00:17:37.041,WT901BLE67(D03E7DA4620A), 0.448, 0.234, 1.706, 53.711, -79.163, 30.273, 1.406, -12.87, -3.098, -5.708, 52.417, -18.992, 31.69, -0.99533, 0.0043, 0.08591, 0.0426,
 00:17:37.162,WT901BLE67(D03E7DA4620A), 0.444, 0.268, 1.647, 115.601, -6.897, -26.062, 11.321, -17.084, -3.642, -5.708, 52.417, -18.992, 31.69, -0.99533, 0.0043, 0.08591, 0.0426,
 00:17:37.282,WT901BLE67(D03E7DA4620A), 0.46, 0.291, 1.387, 124.817, 34.973, -64.026, 23.082, -13.491, -8.575, -5.708, 52.417, -18.992, 31.69, -0.99533, 0.0043, 0.08591, 0.0426,
 00:17:37.372,WT901BLE67(D03E7DA4620A), 0.059, -0.025, 1.184, 74.158, 208.984, -126.16, 35.53, -2.917, -12.112, -5.708, 52.417, -18.992, 31.69, -0.99533, 0.0043, 0.08591, 0.0426,
 00:17:37.461,WT901BLE67(D03E7DA4620A), -0.166, 0.041, -0.144, 47.974, 178.162, -37.109, 42.462, 15.826, -4.927, -5.708, 52.417, -18.992, 31.69, -0.99533, 0.0043, 0.08591, 0.0426,
 00:17:37.581,WT901BLE67(D03E7DA4620A), -0.184, 0.349, -0.53, 0.366, 45.532, 25.269, 47.538, 22.379, 4.938, -5.708, 52.417, -18.992, 31.69, -0.99533, 0.0043, 0.08591, 0.0426,
 00:17:37.702,WT901BLE67(D03E7DA4620A), -0.028, 0.227, -0.247, -86.06, -80.872, 24.963, 48.543, 20.204, 6.888, -5.708, 52.417, -18.992, 31.69, -0.99533, 0.0043, 0.08591, 0.0426,
 00:17:37.821,WT901BLE67(D03E7DA4620A), 0.091, 0.112, 0.624, -174.011, -105.774, 10.681, 39.468, 11.981, 2.774, 1.400, 19.442, -39.100, 31.69, -0.99533, 0.0043, 0.08591, 0.0426,
 00:17:37.881,WT901BLE67(D03E7DA4620A), 0.129, 0.036, 1.528, -122.314, -86.914, 10.742, 23.011, 1.049, -1.703, 1.400, 19.442, -39.100, 31.69, -0.99533, 0.0043, 0.08591, 0.0426,
 00:17:37.972,WT901BLE67(D03E7DA4620A), 0.071, 0.001, 1.666, -53.955, -105.042, 9.705, 9.723, -3.757, -4.032, 1.400, 19.442, -39.100, 31.69, -0.99533, 0.0043, 0.08591, 0.0426,
 00:17:38.061,WT901BLE67(D03E7DA4620A), 0.446, 0.047, 0.813, -221.375, 63.416, -33.508, 7.377, -6.345, -5.702, 1.400, 19.442, -39.100, 31.69, -0.99533, 0.0043, 0.08591, 0.0426,
 00:17:38.182,WT901BLE67(D03E7DA4620A), 0.381, 0.483, 2.28, 18.616, -43.762, 21.545, 6.79, -11.766, -4.301, -0.842, 54.067, -24.225, 31.69, -0.99533, 0.0043, 0.08591, 0.0426,
 00:17:38.271,WT901BLE67(D03E7DA4620A), 0.355, 0.292, 1.639, 102.112, 15.747, -50.171, 14.392, -11.86, -6.108, -0.842, 54.067, -24.225, 31.69, -0.98187, -0.14325, 0.11609, 0.04294,
 00:17:38.392,WT901BLE67(D03E7DA4620A), 0.14, 0.124, 1.198, 98.572, 79.773, -76.111, 24.681, -8.405, -9.904, -0.842, 54.067, -24.225, 31.69, -0.98187, -0.14325, 0.11609, 0.04294,
 00:17:38.451,WT901BLE67(D03E7DA4620A), 0.099, -0.017, 0.803, 51.514, 60.303, -60.608, 32.305, -0.829, -12.717, -0.842, 54.067, -24.225, 31.69, -0.98187, -0.14325, 0.11609, 0.04294,
 00:17:38.571,WT901BLE67(D03E7DA4620A), -0.188, 0.046, 0.084, 100.22, 145.569, -58.716, 38.936, 11.635, -11.475, -13.483, 19.542, -38.783, 31.69, -0.98187, -0.14325, 0.11609, 0.04294,
 00:17:38.661,WT901BLE67(D03E7DA4620A), -0.308, 0.359, -0.276, -20.325, 104.37, -41.199, 44.22, 20.226, -5.46, -13.483, 19.542, -38.783, 31.69, -0.98187, -0.14325, 0.11609, 0.04294,
 00:17:38.782,WT901BLE67(D03E7DA4620A), 0.023, 0.243, -0.257, -60.425, -31.006, 15.381, 47.433, 22.709, -3.389, -13.483, 19.542, -38.783, 31.69, -0.89981, -0.39139, -0.16177, 0.10416,
 00:17:38.871,WT901BLE67(D03E7DA4620A), 0.106, 0.401, 0.521, -95.215, -134.949, 29.053, 40.941, 15.793, -6.46, -13.483, 19.542, -38.783, 31.69, -0.89981, -0.39139, -0.16177, 0.10416,
 00:17:38.990,WT901BLE67(D03E7DA4620A), 0.296, -0.029, 1.001, -153.076, -86.365, -12.329, 25.461, 7.141, -11.107, -13.650, 39.292, -25.958, 31.69, -0.89981, -0.39139, -0.16177, 0.10416,
 00:17:39.081,WT901BLE67(D03E7DA4620A), 0.554, 0.186, 2.133, -53.101, -108.948, 38.94, 14.854, -5.273, -14.952, -13.650, 39.292, -25.958, 31.69, -0.89981, -0.39139, -0.16177, 0.10416,
 00:17:39.171,WT901BLE67(D03E7DA4620A), 0.684, 0.757, 1.928, 72.327, -47.485, 9.766, 17.803, -14.793, -13.694, -13.650, 39.292, -25.958, 31.69, -0.97849, -0.1243, 0.12238, 0.10968,
 00:17:39.261,WT901BLE67(D03E7DA4620A), 0.945, 0.932, 1.275, 225.403, -119.263, 33.508, 35.766, -25.016, -16.375, -13.650, 39.292, -25.958, 31.69, -0.97849, -0.1243, 0.12238, 0.10968,
 00:17:39.411,WT901BLE67(D03E7DA4620A), 0.864, 1.147, 0.616, 178.284, -84.839, 1.099, 53.959, -31.756, -20.786, -36.542, 6.358, -35.100, 31.69, -0.97849, -0.1243, 0.12238, 0.10968,
 00:17:39.470,WT901BLE67(D03E7DA4620A), 0.627, 0.959, 0.169, 177.856, -119.568, -46.692, 83.529, -33.124, -36.557, -36.542, 6.358, -35.100, 31.69, -0.97849, -0.1243, 0.12238, 0.10968,
 00:17:39.621,WT901BLE67(D03E7DA4620A), 0.385, 0.607, -0.181, 151.428, -118.835, -155.457, 105.408, -21.171, -50.982, -36.542, 6.358, -35.100, 31.69, -0.65405, -0.6127, 0.43646, 0.07867,
 00:17:39.681,WT901BLE67(D03E7DA4620A), 0.018, 0.435, -0.214, 98.145, -74.646, -162.048, 115.323, -4.741, -54.959, -36.542, 6.358, -35.100, 31.69, -0.65405, -0.6127, 0.43646, 0.07867,
 00:17:39.830,WT901BLE67(D03E7DA4620A), -0.104, 0.068, -0.484, -222.534, 155.579, -242.737, 107.88, 11.887, -42.083, -15.733, -45.150, -18.992, 31.69, -0.65405, -0.6127, 0.43646, 0.07867,
 00:17:39.892,WT901BLE67(D03E7DA4620A), -0.429, 0.332, -0.632, -314.697, 209.717, -210.51, 90.033, 28.564, -15.057, -15.733, -45.150, -18.992, 31.69, -0.65405, -0.6127, 0.43646, 0.07867,
 00:17:40.042,WT901BLE67(D03E7DA4620A), -0.556, 0.296, -0.36, -323.486, 175.598, -204.346, 70.472, 46.978, 5.191, -15.733, -45.150, -18.992, 31.69, -0.75241, -0.54459, -0.31378, 0.19675,
 00:17:40.131,WT901BLE67(D03E7DA4620A), -0.273, -0.134, -0.369, -299.377, 69.397, -250.122, 18.073, 74.795, -7.13, -15.733, -45.150, -18.992, 31.69, -0.75241, -0.54459, -0.31378, 0.19675,
 00:17:40.251,WT901BLE67(D03E7DA4620A), 0.365, -0.936, -0.236, -315.857, -103.088, -346.375, -69.692, 56.739, -67.214, -15.733, -45.150, -18.992, 31.69, -0.75241, -0.54459, -0.31378, 0.19675,
 00:17:40.402,WT901BLE67(D03E7DA4620A), 0.663, -1.5, -0.601, 215.515, -323.242, -218.628, -80.601, 24.022, -53.965, -18.042, 44.325, 41.592, 31.69, -0.75241, -0.54459, -0.31378, 0.19675,
 00:17:40.461,WT901BLE67(D03E7DA4620A), 1.555, -0.666, 0.84, 278.564, -211.975, -232.971, -57.579, -8.877, -26.505, -18.042, 44.325, 41.592, 31.69, -0.75241, -0.54459, -0.31378, 0.19675,
 00:17:40.551,WT901BLE67(D03E7DA4620A), 1.249, 0.39, 2.033, 233.215, -366.211, -256.775, -17.93, -52.443, -26.697, -18.042, 44.325, 41.592, 31.69, -0.75241, -0.54459, -0.31378, 0.19675,
 00:17:40.671,WT901BLE67(D03E7DA4620A), 1.052, -0.241, 0.701, 167.969, -242.554, -264.832, 70.598, -66.143, -89.017, -18.042, 44.325, 41.592, 31.69, -0.75241, -0.54459, -0.31378, 0.19675,
 00:17:40.761,WT901BLE67(D03E7DA4620A), 0.768, 0.002, 0.033, 190.002, 64.148, -165.833, 95.565, -45.247, -99.613, -58.442, 27.517, 9.575, 31.69, -0.75241, -0.54459, -0.31378, 0.19675,
 00:17:40.881,WT901BLE67(D03E7DA4620A), 0.253, 0.264, -0.417, 142.883, 104.492, -171.997, 97.592, -21.868, -83.738, -58.442, 27.517, 9.575, 31.69, -0.58777, -0.42743, 0.60995, 0.31573,
 00:17:41.001,WT901BLE67(D03E7DA4620A), 0.293, 0.145, -0.401, 13.611, 134.033, -395.264, 100.536, 5.378, -62.842, -58.442, 27.517, 9.575, 31.69, -0.58777, -0.42743, 0.60995, 0.31573,
 00:17:41.090,WT901BLE67(D03E7DA4620A), -0.114, 0.409, -1.127, -377.014, 357.727, -354.614, 92.609, 31.542, -24.362, -58.442, 27.517, 9.575, 31.69, -0.58777, -0.42743, 0.60995, 0.31573,
 00:17:41.181,WT901BLE67(D03E7DA4620A), -0.591, 0.396, -0.943, -633.667, 273.438, -347.656, 78.695, 58.925, 12.469, 14.533, -16.983, -31.433, 31.69, -0.58777, -0.42743, 0.60995, 0.31573,
 00:17:41.331,WT901BLE67(D03E7DA4620A), -0.147, -0.516, -0.431, -339.783, -88.196, -291.077, -8.372, 83.551, -32.393, 14.533, -16.983, -31.433, 31.69, -0.72842, -0.20627, -0.63116, 0.16843,
 00:17:41.391,WT901BLE67(D03E7DA4620A), 0.307, -0.791, 0.411, -125.488, -232.91, -172.241, -57.816, 56.541, -56.733, 14.533, -16.983, -31.433, 31.69, -0.72842, -0.20627, -0.63116, 0.16843,
 00:17:41.511,WT901BLE67(D03E7DA4620A), 0.927, -1.166, 0.165, -5.615, -243.835, -161.133, -61.216, 24.609, -44.528, 14.533, -16.983, -31.433, 31.69, -0.72842, -0.20627, -0.63116, 0.16843,
 00:17:41.602,WT901BLE67(D03E7DA4620A), 1.618, -1.015, 0.508, 202.698, -256.775, -202.087, -54.921, -8.113, -32.333, -6.692, 45.683, 46.875, 31.69, -0.72842, -0.20627, -0.63116, 0.16843,
 00:17:41.722,WT901BLE67(D03E7DA4620A), 1.538, -0.31, 1.363, 310.73, -290.039, -163.452, -22.324, -51.048, -27.098, -6.692, 45.683, 46.875, 31.69, -0.84985, 0.32672, 0.28543, 0.29901,
 00:17:41.841,WT901BLE67(D03E7DA4620A), 1.299, 0.119, 0.294, 191.162, -102.539, -150.269, 19.254, -67.643, -43.759, -6.692, 45.683, 46.875, 31.69, -0.84985, 0.32672, 0.28543, 0.29901,
 00:17:41.961,WT901BLE67(D03E7DA4620A), 0.791, 0.357, 0.35, 37.781, 37.415, -244.812, 50.18, -60.776, -69.258, -6.692, 45.683, 46.875, 31.56, -0.84985, 0.32672, 0.28543, 0.29901,
 00:17:42.021,WT901BLE67(D03E7DA4620A), 0.225, 0.071, 0.253, -29.663, 316.345, -38.33, 45.297, -34.931, -64.067, -6.692, 45.683, 46.875, 31.56, -0.84985, 0.32672, 0.28543, 0.29901,
 00:17:42.171,WT901BLE67(D03E7DA4620A), -0.027, 0.147, 0.568, -148.376, 260.742, -72.937, 29.778, -6.768, -54.13, -6.692, 45.683, 46.875, 31.56, -0.84985, 0.32672, 0.28543, 0.29901,
 00:17:42.231,WT901BLE67(D03E7DA4620A), -0.097, 0.228, 0.326, -39.673, 159.363, -20.264, 23.555, 11.673, -41.605, -23.433, 24.317, -32.825, 31.56, -0.84985, 0.32672, 0.28543, 0.29901,
 00:17:42.352,WT901BLE67(D03E7DA4620A), -0.243, 0.278, -0.036, -32.471, 127.197, -0.671, 22.654, 24.033, -34.821, -23.433, 24.317, -32.825, 31.56, -0.90378, -0.24863, -0.12854, 0.32364,
 00:17:42.444,WT901BLE67(D03E7DA4620A), -0.227, 0.323, 0.355, -8.606, -1.343, -13.184, 22.379, 25.955, -31.723, -23.433, 24.317, -32.825, 31.56, -0.90378, -0.24863, -0.12854, 0.32364,
 00:17:42.591,WT901BLE67(D03E7DA4620A), -0.334, 0.314, 0.951, -32.104, -37.842, -3.113, 22.022, 22.017, -32.179, -23.433, 24.317, -32.825, 31.56, -0.90378, -0.24863, -0.12854, 0.32364,
 00:17:42.621,WT901BLE67(D03E7DA4620A), -0.275, 0.213, 1.164, -149.292, 32.043, -20.569, 19.138, 17.842, -33.596, -6.600, 33.858, -30.275, 31.56, -0.90378, -0.24863, -0.12854, 0.32364,
 00:17:42.771,WT901BLE67(D03E7DA4620A), 0.292, 0.118, 1.195, -71.96, -102.112, 16.541, 12.074, 9.476, -34.349, -6.600, 33.858, -30.275, 31.56, -0.94894, -0.09872, -0.03122, 0.29782,
 00:17:42.831,WT901BLE67(D03E7DA4620A), 0.551, 0.342, 2.025, 23.56, -146.057, 54.688, 5.724, -5.515, -31.498, -6.600, 33.858, -30.275, 31.56, -0.94894, -0.09872, -0.03122, 0.29782,
 00:17:42.952,WT901BLE67(D03E7DA4620A), 0.717, 0.316, 1.698, 57.861, -147.827, 63.232, 5.46, -17.913, -25.895, -6.600, 33.858, -30.275, 31.56, -0.94894, -0.09872, -0.03122, 0.29782,
 00:17:43.041,WT901BLE67(D03E7DA4620A), 0.74, 0.3, 1.291, 59.387, -85.449, 13.062, 8.811, -25.312, -22.83, -10.325, 47.925, -28.158, 31.56, -0.94894, -0.09872, -0.03122, 0.29782,
 00:17:43.161,WT901BLE67(D03E7DA4620A), 0.485, 0.259, 0.992, 40.039, 0.549, -50.476, 15.485, -25.906, -26.098, -10.325, 47.925, -28.158, 31.56, -0.93973, -0.09732, 0.25583, 0.20471,
 00:17:43.221,WT901BLE67(D03E7DA4620A), 0.343, 0.123, 0.744, 40.466, 85.632, -83.679, 21.731, -17.963, -32.932, -10.325, 47.925, -28.158, 31.56, -0.93973, -0.09732, 0.25583, 0.20471,
 00:17:43.341,WT901BLE67(D03E7DA4620A), 0.07, 0.156, 0.731, 51.941, 165.1, -93.079, 28.18, -5.971, -35.134, -10.325, 47.925, -28.158, 31.56, -0.93973, -0.09732, 0.25583, 0.20471,
 00:17:43.430,WT901BLE67(D03E7DA4620A), -0.23, 0.149, -0.079, -10.315, 235.596, -48.218, 30.295, 13.766, -29.713, -10.325, 47.925, -28.158, 31.56, -0.93973, -0.09732, 0.25583, 0.20471,
 00:17:43.551,WT901BLE67(D03E7DA4620A), -0.209, 0.241, -0.371, 22.034, 74.829, -3.906, 33.426, 26.175, -22.192, -8.067, 23.167, -37.383, 31.56, -0.93973, -0.09732, 0.25583, 0.20471,
 00:17:43.641,WT901BLE67(D03E7DA4620A), -0.157, 0.346, 0.207, -44.373, -51.697, 14.771, 36.216, 25.79, -18.704, -8.067, 23.167, -37.383, 31.56, -0.89752, -0.34091, -0.15842, 0.23026,
 00:17:43.761,WT901BLE67(D03E7DA4620A), -0.077, 0.381, 0.729, -109.375, -31.311, 2.197, 28.477, 20.056, -19.704, -8.067, 23.167, -37.383, 31.56, -0.89752, -0.34091, -0.15842, 0.23026,
 00:17:43.852,WT901BLE67(D03E7DA4620A), 0.033, 0.354, 1.109, -81.604, -45.776, -4.639, 18.875, 11.81, -21.962, -8.067, 23.167, -37.383, 31.56, -0.89752, -0.34091, -0.15842, 0.23026,
 00:17:43.971,WT901BLE67(D03E7DA4620A), -0.114, 0.396, 1.646, -107.361, -1.465, -13.977, 12.563, 3.713, -23.785, -7.542, 41.592, -23.367, 31.56, -0.89752, -0.34091, -0.15842, 0.23026,
 00:17:44.031,WT901BLE67(D03E7DA4620A), -0.013, 0.065, 1.397, -77.881, 14.771, -17.822, 7.125, 1.406, -24.175, -7.542, 41.592, -23.367, 31.56, -0.97519, -0.07162, 0.0141, 0.2088,
 00:17:44.152,WT901BLE67(D03E7DA4620A), 0.001, -0.008, 1.273, 6.348, -15.015, 37.842, 5.4, -0.571, -23.555, -7.542, 41.592, -23.367, 31.56, -0.97519, -0.07162, 0.0141, 0.2088,
 00:17:44.242,WT901BLE67(D03E7DA4620A), 0.079, 0.147, 1.088, 32.41, 47.058, -24.536, 8.91, 0.104, -20.424, -7.542, 41.592, -23.367, 31.56, -0.97519, -0.07162, 0.0141, 0.2088,
 00:17:44.362,WT901BLE67(D03E7DA4620A), 0.001, 0.146, 1.052, -46.692, 1.587, 14.099, 6.097, 1.423, -19.286, 2.167, 52.100, -24.525, 31.56, -0.97519, -0.07162, 0.0141, 0.2088,
 00:17:44.452,WT901BLE67(D03E7DA4620A), 0.007, 0.042, 1.002, 3.357, -1.465, 1.831, 3.604, 0.989, -17.666, 2.167, 52.100, -24.525, 31.56, -0.9877, -0.03833, 0.00775, 0.15115,
 00:17:44.571,WT901BLE67(D03E7DA4620A), 0.006, 0.03, 0.998, -0.061, -0.122, 0, 3.543, 0.939, -16.463, 2.167, 52.100, -24.525, 31.56, -0.9877, -0.03833, 0.00775, 0.15115,
 00:17:44.631,WT901BLE67(D03E7DA4620A), 0.006, 0.029, 1, 0, 0, 0, 3.411, 0.901, -15.342, 2.167, 52.100, -24.525, 31.56, -0.9877, -0.03833, 0.00775, 0.15115,
 00:17:44.751,WT901BLE67(D03E7DA4620A), 0.006, 0.03, 1, 0, 0, 0, 3.274, 0.879, -14.282, 2.708, 54.342, -21.133, 31.56, -0.9877, -0.03833, 0.00775, 0.15115,
 00:17:44.842,WT901BLE67(D03E7DA4620A), 0.005, 0.029, 1, 0, 0, 0, 3.137, 0.857, -13.282, 2.708, 54.342, -21.133, 31.56, -0.9877, -0.03833, 0.00775, 0.15115,
 00:17:44.931,WT901BLE67(D03E7DA4620A), 0.006, 0.03, 1.001, 0, 0, 0, 3.005, 0.835, -12.338, 2.708, 54.342, -21.133, 31.56, -0.99313, -0.03369, 0.00668, 0.11136,
 00:17:45.021,WT901BLE67(D03E7DA4620A), 0.005, 0.029, 0.999, 0, 0, 0, 2.878, 0.818, -11.453, 2.708, 54.342, -21.133, 31.56, -0.99313, -0.03369, 0.00668, 0.11136,
 00:17:45.142,WT901BLE67(D03E7DA4620A), 0.006, 0.03, 1, 0, 0, 0, 2.763, 0.807, -10.618, 2.708, 54.342, -21.133, 31.56, -0.99313, -0.03369, 0.00668, 0.11136,
 00:17:45.202,WT901BLE67(D03E7DA4620A), 0.006, 0.03, 1, 0, 0, 0, 2.653, 0.797, -9.833, 2.625, 54.417, -21.283, 31.56, -0.99313, -0.03369, 0.00668, 0.11136,
 00:17:45.322,WT901BLE67(D03E7DA4620A), 0.006, 0.03, 1, 0, 0.061, 0, 2.543, 0.791, -9.091, 2.625, 54.417, -21.283, 31.56, -0.99628, -0.02942, 0.00574, 0.08008,
 00:17:45.411,WT901BLE67(D03E7DA4620A), 0.006, 0.03, 1, 0, 0, 0, 2.444, 0.786, -8.388, 2.625, 54.417, -21.283, 31.56, -0.99628, -0.02942, 0.00574, 0.08008,
 00:17:45.501,WT901BLE67(D03E7DA4620A), 0.006, 0.03, 0.999, 0, 0, 0, 2.351, 0.78, -7.734, 2.625, 54.417, -21.283, 31.56, -0.99628, -0.02942, 0.00574, 0.08008,
 00:17:45.591,WT901BLE67(D03E7DA4620A), 0.006, 0.029, 1, 0, 0, 0, 2.263, 0.775, -7.114, 2.658, 54.433, -21.425, 31.56, -0.99628, -0.02942, 0.00574, 0.08008,
 00:17:45.681,WT901BLE67(D03E7DA4620A), 0.006, 0.03, 1, 0, 0, 0, 2.181, 0.769, -6.531, 2.658, 54.433, -21.425, 31.56, -0.99628, -0.02942, 0.00574, 0.08008,
 00:17:45.772,WT901BLE67(D03E7DA4620A), 0.006, 0.03, 1, 0, 0, 0, 2.104, 0.769, -5.982, 2.658, 54.433, -21.425, 31.56, -0.99811, -0.02594, 0.00497, 0.05469,
 00:17:45.861,WT901BLE67(D03E7DA4620A), 0.006, 0.029, 1, 0, 0, 0, 2.027, 0.769, -5.466, 2.658, 54.433, -21.425, 31.56, -0.99811, -0.02594, 0.00497, 0.05469,
 00:17:45.921,WT901BLE67(D03E7DA4620A), 0.006, 0.03, 1, 0, 0, 0, 1.961, 0.769, -4.982, 2.658, 54.433, -21.425, 31.56, -0.99811, -0.02594, 0.00497, 0.05469,
 00:17:46.041,WT901BLE67(D03E7DA4620A), 0.006, 0.03, 1, 0, 0, 0, 1.895, 0.769, -4.521, 2.658, 54.433, -21.425, 31.56, -0.99811, -0.02594, 0.00497, 0.05469,
 00:17:46.102,WT901BLE67(D03E7DA4620A), 0.006, 0.029, 1, 0, 0, 0, 1.835, 0.764, -4.092, 2.658, 54.433, -21.425, 31.56, -0.99811, -0.02594, 0.00497, 0.05469,
 00:17:46.222,WT901BLE67(D03E7DA4620A), 0.006, 0.03, 0.999, 0, 0, 0, 1.774, 0.769, -3.686, 2.658, 54.433, -21.425, 31.56, -0.99811, -0.02594, 0.00497, 0.05469,
 00:17:46.282,WT901BLE67(D03E7DA4620A), 0.005, 0.029, 0.999, 0, 0, 0, 1.719, 0.769, -3.301, 2.658, 54.433, -21.425, 31.56, -0.99811, -0.02594, 0.00497, 0.05469,
 00:17:46.431,WT901BLE67(D03E7DA4620A), 0.006, 0.029, 1, 0, 0, 0, 1.67, 0.769, -2.944, 2.658, 54.433, -21.425, 31.56, -0.99811, -0.02594, 0.00497, 0.05469,
 00:17:46.461,WT901BLE67(D03E7DA4620A), 0.006, 0.029, 1.004, 0, 0, 0, 1.62, 0.769, -2.604, 2.658, 54.433, -21.425, 31.56, -0.99811, -0.02594, 0.00497, 0.05469,
 00:17:46.581,WT901BLE67(D03E7DA4620A), 0.005, 0.03, 1.003, 0, 0, 0, 1.577, 0.769, -2.285, 2.658, 54.433, -21.425, 31.56, -0.99811, -0.02594, 0.00497, 0.05469,
 00:17:46.641,WT901BLE67(D03E7DA4620A), 0.006, 0.03, 1.005, 0, 0, 0, 1.533, 0.775, -1.983, 2.658, 54.433, -21.425, 31.56, -0.99811, -0.02594, 0.00497, 0.05469,
 00:17:46.761,WT901BLE67(D03E7DA4620A), 0.006, 0.029, 1.005, 0, 0, 0, 1.489, 0.775, -1.697, 2.658, 54.433, -21.425, 31.56, -0.99811, -0.02594, 0.00497, 0.05469,
 00:17:46.852,WT901BLE67(D03E7DA4620A), 0.005, 0.029, 1.004, 0, 0, 0, 1.45, 0.78, -1.434, 2.658, 54.433, -21.425, 31.56, -0.99811, -0.02594, 0.00497, 0.05469,
 00:17:46.971,WT901BLE67(D03E7DA4620A), 0.006, 0.03, 1.004, 0, 0, 0, 1.417, 0.78, -1.181, 2.600, 54.442, -21.275, 31.56, -0.99973, -0.01956, 0.0036, 0.00897,
 00:17:47.061,WT901BLE67(D03E7DA4620A), 0.006, 0.03, 1, 0, 0, 0, 1.379, 0.786, -0.945, 2.600, 54.442, -21.275, 31.56, -0.99973, -0.01956, 0.0036, 0.00897,
 00:17:47.181,WT901BLE67(D03E7DA4620A), 0.006, 0.029, 1, 0, 0, 0, 1.351, 0.786, -0.72, 2.600, 54.442, -21.275, 31.56, -0.99973, -0.01956, 0.0036, 0.00897,
 00:17:47.241,WT901BLE67(D03E7DA4620A), 0.006, 0.029, 1, 0, 0, 0, 1.318, 0.786, -0.511, 2.600, 54.442, -21.275, 31.56, -0.99973, -0.01956, 0.0036, 0.00897,
 00:17:47.361,WT901BLE67(D03E7DA4620A), 0.006, 0.03, 0.999, 0, 0, 0, 1.291, 0.791, -0.313, 2.750, 54.367, -20.975, 31.56, -0.99973, -0.01956, 0.0036, 0.00897,
 00:17:47.451,WT901BLE67(D03E7DA4620A), 0.006, 0.029, 1, 0, 0, 0, 1.263, 0.791, -0.126, 2.750, 54.367, -20.975, 31.56, -0.99979, -0.01852, 0.00339, 0.00137,
 00:17:47.571,WT901BLE67(D03E7DA4620A), 0.005, 0.03, 1, 0, 0, 0, 1.241, 0.797, 0.044, 2.750, 54.367, -20.975, 31.56, -0.99979, -0.01852, 0.00339, 0.00137,
 00:17:47.662,WT901BLE67(D03E7DA4620A), 0.006, 0.03, 1, 0, 0, 0, 1.214, 0.797, 0.209, 2.750, 54.367, -20.975, 31.56, -0.99979, -0.01852, 0.00339, 0.00137,
 00:17:47.782,WT901BLE67(D03E7DA4620A), 0.006, 0.03, 0.999, 0, 0, 0, 1.192, 0.797, 0.363, 2.592, 54.367, -21.367, 31.56, -0.99979, -0.01852, 0.00339, 0.00137,
 00:17:47.841,WT901BLE67(D03E7DA4620A), 0.005, 0.03, 1, 0, 0, 0, 1.17, 0.802, 0.511, 2.592, 54.367, -21.367, 31.56, -0.99979, -0.01767, 0.0032, -0.00452,
 00:17:47.962,WT901BLE67(D03E7DA4620A), 0.006, 0.029, 1, 0, 0, 0, 1.154, 0.802, 0.648, 2.592, 54.367, -21.367, 31.56, -0.99979, -0.01767, 0.0032, -0.00452,
 00:17:48.081,WT901BLE67(D03E7DA4620A), 0.005, 0.03, 0.998, 0, 0, 0, 1.132, 0.802, 0.78, 2.592, 54.367, -21.367, 31.56, -0.99979, -0.01767, 0.0032, -0.00452,
 00:17:48.201,WT901BLE67(D03E7DA4620A), 0.006, 0.03, 1, 0, 0, 0, 1.115, 0.807, 0.901, 2.608, 54.458, -21.375, 31.56, -0.99979, -0.01767, 0.0032, -0.00452,
 00:17:48.261,WT901BLE67(D03E7DA4620A), 0.006, 0.029, 1, 0, 0, 0, 1.099, 0.807, 1.016, 2.608, 54.458, -21.375, 31.56, -0.99976, -0.01703, 0.00305, -0.00912,
 00:17:48.382,WT901BLE67(D03E7DA4620A), 0.005, 0.03, 1, 0, 0, 0, 1.082, 0.807, 1.126, 2.608, 54.458, -21.375, 31.56, -0.99976, -0.01703, 0.00305, -0.00912,
 00:17:48.441,WT901BLE67(D03E7DA4620A), 0.007, 0.029, 1, 0, 0, 0, 1.071, 0.807, 1.225, 2.608, 54.458, -21.375, 31.56, -0.99976, -0.01703, 0.00305, -0.00912,
 00:17:48.561,WT901BLE67(D03E7DA4620A), 0.006, 0.03, 1, 0, 0, 0, 1.055, 0.813, 1.324, 2.625, 54.325, -21.333, 31.56, -0.99976, -0.01703, 0.00305, -0.00912,
 00:17:48.652,WT901BLE67(D03E7DA4620A), 0.006, 0.029, 1, 0, 0, 0, 1.044, 0.813, 1.412, 2.625, 54.325, -21.333, 31.56, -0.99976, -0.01703, 0.00305, -0.00912,
 00:17:48.771,WT901BLE67(D03E7DA4620A), 0.006, 0.03, 1, 0, 0, 0, 1.033, 0.813, 1.5, 2.625, 54.325, -21.333, 31.56, -0.99973, -0.01654, 0.00296, -0.0127,
 00:17:48.862,WT901BLE67(D03E7DA4620A), 0.006, 0.03, 1, 0, 0, 0, 1.022, 0.813, 1.577, 2.625, 54.325, -21.333, 31.56, -0.99973, -0.01654, 0.00296, -0.0127,
 00:17:48.981,WT901BLE67(D03E7DA4620A), 0.005, 0.03, 1, 0, 0, 0, 1.011, 0.813, 1.653, 2.642, 54.458, -21.392, 31.56, -0.99973, -0.01654, 0.00296, -0.0127,
 00:17:49.041,WT901BLE67(D03E7DA4620A), 0.005, 0.03, 1, 0, 0, 0, 1, 0.818, 1.725, 2.642, 54.458, -21.392, 31.56, -0.99973, -0.01654, 0.00296, -0.0127,
 00:17:49.162,WT901BLE67(D03E7DA4620A), 0.006, 0.03, 1.001, 0, 0, 0, 0.989, 0.818, 1.791, 2.642, 54.458, -21.392, 31.56, -0.99969, -0.01617, 0.0029, -0.01547,
 00:17:49.252,WT901BLE67(D03E7DA4620A), 0.011, 0.029, 1, 0, 0, 0, 0.983, 0.818, 1.857, 2.642, 54.458, -21.392, 31.56, -0.99969, -0.01617, 0.0029, -0.01547,
 00:17:49.401,WT901BLE67(D03E7DA4620A), 0.007, 0.033, 1.005, 1.953, 2.625, 0, 0.967, 0.802, 1.917, 2.642, 54.458, -21.392, 31.56, -0.99969, -0.01617, 0.0029, -0.01547,
 00:17:49.461,WT901BLE67(D03E7DA4620A), 0.024, 0.029, 0.998, 0.061, -0.916, -4.395, 0.939, 0.846, -0.571, 2.642, 54.458, -21.392, 31.56, -0.99969, -0.01617, 0.0029, -0.01547,
 00:17:49.581,WT901BLE67(D03E7DA4620A), 0.386, 0.141, 1.198, -30.212, -37.964, -5.371, 0.082, -0.115, -3.159, 2.642, 54.458, -21.392, 31.56, -0.99924, -0.00742, 0.02451, 0.02826,
 00:17:49.642,WT901BLE67(D03E7DA4620A), 0.753, 0.311, 1.217, 175.232, -183.533, 31.25, 10.695, -15.903, -1.725, 2.642, 54.458, -21.392, 31.56, -0.99924, -0.00742, 0.02451, 0.02826,
 00:17:49.851,WT901BLE67(D03E7DA4620A), 0.833, 0.467, 1.151, 183.167, -156.006, 2.747, 37.359, -35.568, -12.085, 2.642, 54.458, -21.392, 31.56, -0.99924, -0.00742, 0.02451, 0.02826,
 00:17:49.852,WT901BLE67(D03E7DA4620A), 0.68, 0.662, 0.633, 34.546, 14.771, -85.022, 55.459, -37.941, -24.565, 2.642, 54.458, -21.392, 31.56, -0.99924, -0.00742, 0.02451, 0.02826,
 00:17:50.001,WT901BLE67(D03E7DA4620A), 0.454, 0.599, 0.642, -133.057, 252.625, -60.425, 47.324, -25.845, -20.374, 2.642, 54.458, -21.392, 31.56, -0.99924, -0.00742, 0.02451, 0.02826,
 00:17:50.061,WT901BLE67(D03E7DA4620A), -0.029, 0.402, 0.385, 109.253, 184.448, -99.06, 41.375, -5.674, -12.667, 2.642, 54.458, -21.392, 31.56, -0.99924, -0.00742, 0.02451, 0.02826,
 00:17:50.211,WT901BLE67(D03E7DA4620A), -0.354, 0.096, -0.311, -71.655, 239.075, -125.366, 43.11, 17.391, -5.345, 2.642, 54.458, -21.392, 31.56, -0.99924, -0.00742, 0.02451, 0.02826,
 00:17:50.272,WT901BLE67(D03E7DA4620A), -0.448, 0.271, -0.236, -80.505, 60.425, -29.602, 38.392, 29.938, 0.044, 0.975, 18.533, -38.842, 31.56, -0.99924, -0.00742, 0.02451, 0.02826,
 00:17:50.421,WT901BLE67(D03E7DA4620A), -0.726, 0.108, 0.262, -490.723, 173.523, -53.406, 16.633, 40.452, 3.241, 0.975, 18.533, -38.842, 31.56, -0.92792, -0.04578, -0.36984, 0.00214,
 00:17:50.481,WT901BLE67(D03E7DA4620A), -0.472, -1.185, 0.153, -455.688, 72.754, -210.449, -51.427, 50.087, -19.094, 0.975, 18.533, -38.842, 31.56, -0.92792, -0.04578, -0.36984, 0.00214,
 00:17:50.632,WT901BLE67(D03E7DA4620A), 0.106, -1.974, -0.295, 59.326, -182.129, -217.224, -73.762, 28.065, -25.323, 0.975, 18.533, -38.842, 31.56, -0.92792, -0.04578, -0.36984, 0.00214,
 00:17:50.691,WT901BLE67(D03E7DA4620A), 0.789, -1.086, 0.35, 125.183, -242.432, -160.4, -62.062, 7.949, -9.426, 1.642, 44.942, 56.858, 31.56, -0.92792, -0.04578, -0.36984, 0.00214,
 00:17:50.811,WT901BLE67(D03E7DA4620A), 1.206, -0.407, 0.354, 163.574, -239.136, -191.223, -40.809, -19.583, 2.466, 1.642, 44.942, 56.858, 31.56, -0.9256, 0.29767, 0.22861, 0.04764,
 00:17:50.901,WT901BLE67(D03E7DA4620A), 1.171, -0.042, 1.305, 13.794, -143.188, -180.298, -21.357, -52.295, 8.108, 1.642, 44.942, 56.858, 31.56, -0.9256, 0.29767, 0.22861, 0.04764,
 00:17:51.022,WT901BLE67(D03E7DA4620A), 0.904, 0.045, 1.004, 78.186, 78.064, -146.851, 11.217, -56.223, -19.704, 1.642, 44.942, 56.858, 31.56, -0.9256, 0.29767, 0.22861, 0.04764,
 00:17:51.111,WT901BLE67(D03E7DA4620A), 0.215, -0.147, 0.454, 241.333, 276.184, -189.575, 32.168, -31.08, -26.603, -36.725, 28.258, -21.592, 31.56, -0.9256, 0.29767, 0.22861, 0.04764,
 00:17:51.231,WT901BLE67(D03E7DA4620A), -0.211, -0.178, -0.33, 4.944, 321.655, -137.512, 39.029, 5.186, -24.071, -36.725, 28.258, -21.592, 31.56, -0.9184, -0.3403, -0.02707, 0.19968,
 00:17:51.322,WT901BLE67(D03E7DA4620A), -0.258, 0.02, -0.871, -251.526, 174.438, -94.299, 27.62, 29.377, -13.442, -36.725, 28.258, -21.592, 31.56, -0.9184, -0.3403, -0.02707, 0.19968,
 00:17:51.441,WT901BLE67(D03E7DA4620A), 0.141, -0.101, 0.323, -184.753, -138.855, -62.561, 9.597, 28.169, -17.792, -36.725, 28.258, -21.592, 31.56, -0.9184, -0.3403, -0.02707, 0.19968,
 00:17:51.531,WT901BLE67(D03E7DA4620A), 0.342, 0.01, 1.438, -141.479, -197.205, 30.64, -2.955, 8.069, -21.736, -8.542, 52.558, -11.000, 31.56, -0.9184, -0.3403, -0.02707, 0.19968,
 00:17:51.651,WT901BLE67(D03E7DA4620A), 0.444, -0.023, 2.254, 20.02, -121.704, 14.709, -11.179, -7.531, -18.787, -8.542, 52.558, -11.000, 31.56, -0.97897, 0.06818, 0.11221, 0.15579,
 00:17:51.741,WT901BLE67(D03E7DA4620A), 0.685, 0.422, 1.801, 174.194, -104.919, 35.767, 10.02, -23.505, -15.546, -8.542, 52.558, -11.000, 31.56, -0.97897, 0.06818, 0.11221, 0.15579,
 00:17:51.832,WT901BLE67(D03E7DA4620A), 0.628, 0.75, 1.435, 197.51, -67.383, -41.077, 28.356, -30.696, -18.347, -8.542, 52.558, -11.000, 31.56, -0.97897, 0.06818, 0.11221, 0.15579,
 00:17:51.921,WT901BLE67(D03E7DA4620A), 0.214, 0.648, 1.016, 158.752, -3.967, -141.479, 45.846, -26.34, -25.774, -8.542, 52.558, -11.000, 31.56, -0.97897, 0.06818, 0.11221, 0.15579,
 00:17:52.041,WT901BLE67(D03E7DA4620A), -0.142, 0.31, 0.601, -76.721, 185.791, -151.733, 49.752, -9.558, -28.905, -32.033, 12.050, -34.450, 31.56, -0.97897, 0.06818, 0.11221, 0.15579,
 00:17:52.131,WT901BLE67(D03E7DA4620A), -0.139, 0.025, -0.22, -176.025, 160.217, -83.923, 35.327, 11.931, -21.819, -32.033, 12.050, -34.450, 31.56, -0.91653, -0.34268, 0.00626, 0.20587,
 00:17:52.252,WT901BLE67(D03E7DA4620A), -0.016, 0.212, 0.009, 28.503, -19.836, 65.674, 29.537, 16.677, -13.244, -32.033, 12.050, -34.450, 31.56, -0.91653, -0.34268, 0.00626, 0.20587,
 00:17:52.342,WT901BLE67(D03E7DA4620A), 0.208, 0.333, 0.686, -28.137, -55.786, 45.654, 32.322, 9.465, -13.903, -32.033, 12.050, -34.450, 31.56, -0.91653, -0.34268, 0.00626, 0.20587,
 00:17:52.492,WT901BLE67(D03E7DA4620A), 0.121, 0.69, 1.421, -108.276, -94.238, 33.02, 19.358, 3.071, -14.815, -7.017, 30.067, -32.808, 31.56, -0.91653, -0.34268, 0.00626, 0.20587,
 00:17:52.552,WT901BLE67(D03E7DA4620A), 0.429, 0.577, 1.788, 49.133, -118.164, 31.372, 13.826, -5.098, -13.969, -7.017, 30.067, -32.808, 31.56, -0.91653, -0.34268, 0.00626, 0.20587,
 00:17:52.642,WT901BLE67(D03E7DA4620A), 0.64, 0.963, 1.46, 299.5, -173.706, 24.231, 34.579, -21.736, -15.469, -7.017, 30.067, -32.808, 31.56, -0.91653, -0.34268, 0.00626, 0.20587,
 00:17:52.732,WT901BLE67(D03E7DA4620A), 0.587, 1.111, 0.41, 244.812, -49.072, -9.338, 65.187, -28.713, -21.698, -7.017, 30.067, -32.808, 31.56, -0.91653, -0.34268, 0.00626, 0.20587,
 00:17:52.851,WT901BLE67(D03E7DA4620A), 0.34, 1.058, 0.009, 139.099, -39.246, -48.157, 82.15, -24.549, -26.856, -27.683, -13.233, -39.158, 31.56, -0.91653, -0.34268, 0.00626, 0.20587,
 00:17:52.942,WT901BLE67(D03E7DA4620A), -0.157, 0.777, -0.025, 68.176, -28.992, -163.757, 92.598, -12.832, -31.262, -27.683, -13.233, -39.158, 31.56, -0.6748, -0.67862, 0.26907, 0.1076,
 00:17:53.061,WT901BLE67(D03E7DA4620A), -0.197, 0.096, 0.041, -28.748, 8.301, -98.145, 90.879, 2.505, -30.531, -27.683, -13.233, -39.158, 31.56, -0.6748, -0.67862, 0.26907, 0.1076,
 00:17:53.182,WT901BLE67(D03E7DA4620A), 0.054, -0.027, -0.407, 5.127, 46.875, -31.616, 90.56, 8.388, -29.542, -27.683, -13.233, -39.158, 31.56, -0.6748, -0.67862, 0.26907, 0.1076,
 00:17:53.272,WT901BLE67(D03E7DA4620A), -0.008, 0.436, -0.242, -74.951, -26.062, 48.462, 87.693, 5.74, -29.625, -19.808, -34.900, -28.333, 31.56, -0.6748, -0.67862, 0.26907, 0.1076,
 00:17:53.361,WT901BLE67(D03E7DA4620A), 0.242, 0.848, 0.26, -74.524, -39.124, 89.478, 81.892, -2, -34.475, -19.808, -34.900, -28.333, 31.56, -0.72617, -0.61777, 0.22318, 0.20273,
 00:17:53.482,WT901BLE67(D03E7DA4620A), 0.706, 1.363, 0.286, -13.611, -26.917, 120.667, 79.722, -14.359, -37.524, -19.808, -34.900, -28.333, 31.56, -0.72617, -0.61777, 0.22318, 0.20273,
 00:17:53.572,WT901BLE67(D03E7DA4620A), 1.019, 1.855, 0.364, 60.059, -2.869, 126.099, 78.783, -25.686, -37.04, -19.808, -34.900, -28.333, 31.56, -0.72617, -0.61777, 0.22318, 0.20273,
 00:17:53.691,WT901BLE67(D03E7DA4620A), 0.694, 1.783, -0.159, 43.945, -44.922, 2.991, 85.062, -31.707, -36.606, -35.392, -20.958, -38.183, 31.56, -0.72617, -0.61777, 0.22318, 0.20273,
 00:17:53.782,WT901BLE67(D03E7DA4620A), 0.138, 1.044, 0.057, -49.194, 2.197, -180.908, 88.264, -22.819, -39.787, -35.392, -20.958, -38.183, 31.56, -0.70804, -0.59775, 0.35635, 0.11954,
 00:17:53.902,WT901BLE67(D03E7DA4620A), -0.267, 0.349, 0.158, -191.406, 138.184, -197.632, 71.565, -1.505, -35.013, -35.392, -20.958, -38.183, 31.56, -0.70804, -0.59775, 0.35635, 0.11954,
 00:17:53.992,WT901BLE67(D03E7DA4620A), -0.377, 0.034, -0.093, -317.261, 144.897, -92.896, 52.053, 16.04, -26.906, -35.392, -20.958, -38.183, 31.56, -0.70804, -0.59775, 0.35635, 0.11954,
 00:17:54.112,WT901BLE67(D03E7DA4620A), -0.106, -0.029, -0.086, -296.143, -9.338, 3.235, 25.302, 24.164, -20.38, -6.908, 29.933, -31.275, 31.56, -0.70804, -0.59775, 0.35635, 0.11954,
 00:17:54.202,WT901BLE67(D03E7DA4620A), -0.021, -0.228, 0.518, -100.769, -170.654, 11.658, 9.207, 16.743, -21.627, -6.908, 29.933, -31.275, 31.56, -0.97318, -0.0759, -0.08398, 0.20004,
 00:17:54.292,WT901BLE67(D03E7DA4620A), 0.04, -0.365, 1.528, -64.331, -111.572, 23.682, -0.308, 1.379, -23.313, -6.908, 29.933, -31.275, 31.56, -0.97318, -0.0759, -0.08398, 0.20004,
 00:17:54.382,WT901BLE67(D03E7DA4620A), 0.199, -0.306, 1.471, -27.466, -74.951, -3.662, -5.861, -5.306, -21.857, -6.908, 29.933, -31.275, 31.56, -0.97318, -0.0759, -0.08398, 0.20004,
 00:17:54.501,WT901BLE67(D03E7DA4620A), -0.003, 0.04, 1.376, -17.944, -11.963, -0.671, -3.021, -8.998, -20.605, -6.908, 29.933, -31.275, 31.56, -0.97318, -0.0759, -0.08398, 0.20004,
 00:17:54.592,WT901BLE67(D03E7DA4620A), 0.001, -0.021, 1.003, 61.829, 120.056, 16.357, 5.718, -1.368, -17.183, -5.950, 58.025, -17.258, 31.56, -0.97318, -0.0759, -0.08398, 0.20004,
 00:17:54.712,WT901BLE67(D03E7DA4620A), 0.001, 0.036, 1.001, 0.061, 0.061, 0, 4.741, -0.549, -15.837, -5.950, 58.025, -17.258, 31.56, -0.98889, -0.04678, 0.02173, 0.1391,
 00:17:54.771,WT901BLE67(D03E7DA4620A), 0.002, 0.035, 1, -0.183, 0, -0.061, 4.482, -0.538, -14.815, -5.950, 58.025, -17.258, 31.56, -0.98889, -0.04678, 0.02173, 0.1391,
 00:17:54.891,WT901BLE67(D03E7DA4620A), 0.003, 0.035, 0.998, -0.061, -0.122, 0, 4.246, -0.527, -13.859, -5.950, 58.025, -17.258, 31.56, -0.98889, -0.04678, 0.02173, 0.1391,
 00:17:54.981,WT901BLE67(D03E7DA4620A), 0.005, 0.034, 1, -0.244, -0.549, -0.061, 4.026, -0.505, -12.953, 1.617, 54.742, -23.592, 31.56, -0.98889, -0.04678, 0.02173, 0.1391,
 00:17:55.102,WT901BLE67(D03E7DA4620A), 0.005, 0.034, 0.999, -0.122, -0.122, 0, 3.801, -0.505, -12.101, 1.617, 54.742, -23.592, 31.56, -0.99356, -0.03876, 0.0188, 0.10437,
 00:17:55.161,WT901BLE67(D03E7DA4620A), 0.005, 0.033, 1, 0, 0.061, 0, 3.615, -0.456, -11.299, 1.617, 54.742, -23.592, 31.56, -0.99356, -0.03876, 0.0188, 0.10437,
 00:17:55.312,WT901BLE67(D03E7DA4620A), 0.004, 0.033, 1, -0.061, 0.244, 0, 3.483, -0.401, -10.552, 1.617, 54.742, -23.592, 31.56, -0.99356, -0.03876, 0.0188, 0.10437,
 00:17:55.371,WT901BLE67(D03E7DA4620A), 0.004, 0.033, 1.001, -0.122, 0.183, 0, 3.323, -0.319, -9.838, 1.617, 54.550, -23.775, 31.56, -0.99356, -0.03876, 0.0188, 0.10437,
 00:17:55.492,WT901BLE67(D03E7DA4620A), 0.005, 0.033, 1, -0.488, 0.366, 0, 3.181, -0.247, -9.168, 1.617, 54.550, -23.775, 31.56, -0.99625, -0.03369, 0.01489, 0.07776,
 00:17:55.551,WT901BLE67(D03E7DA4620A), 0.004, 0.034, 1, 0.549, -0.366, 0, 3.054, -0.187, -8.531, 1.617, 54.550, -23.775, 31.56, -0.99625, -0.03369, 0.01489, 0.07776,
 00:17:55.671,WT901BLE67(D03E7DA4620A), 0.004, 0.033, 1, 0, 0, 0, 2.933, -0.132, -7.938, 1.617, 54.550, -23.775, 31.56, -0.99625, -0.03369, 0.01489, 0.07776,
 00:17:55.761,WT901BLE67(D03E7DA4620A), 0.004, 0.033, 1, 0, 0, 0, 2.823, -0.077, -7.372, 1.617, 54.550, -23.775, 31.56, -0.99625, -0.03369, 0.01489, 0.07776,
 00:17:55.881,WT901BLE67(D03E7DA4620A), 0.004, 0.033, 1, 0, 0, 0, 2.714, -0.027, -6.844, 1.483, 54.725, -23.633, 31.56, -0.99625, -0.03369, 0.01489, 0.07776,
 00:17:55.972,WT901BLE67(D03E7DA4620A), 0.115, 0.033, 1.001, 0.061, 0.183, 0, 2.62, 0.033, -6.345, 1.483, 54.725, -23.633, 31.56, -0.99783, -0.03, 0.01193, 0.0567,
 00:17:56.063,WT901BLE67(D03E7DA4620A), 0.373, 0.08, 1.014, -20.569, 1.465, -120.422, 2.126, 0.456, -10.508, 1.483, 54.725, -23.633, 31.56, -0.99783, -0.03, 0.01193, 0.0567,
 00:17:56.183,WT901BLE67(D03E7DA4620A), 0.089, 0.037, 0.978, -17.273, 22.705, -31.067, 1.5, 1.077, -16.738, 1.483, 54.725, -23.633, 31.56, -0.99783, -0.03, 0.01193, 0.0567,
 00:17:56.271,WT901BLE67(D03E7DA4620A), -0.117, 0.033, 0.836, 99.915, 112.305, -155.151, 3.016, 5.482, -25.928, -13.175, 56.650, -28.042, 31.56, -0.99783, -0.03, 0.01193, 0.0567,
 00:17:56.361,WT901BLE67(D03E7DA4620A), -0.192, -0.039, 0.155, -254.333, 72.876, -129.456, -4.444, 18.413, -38.661, -13.175, 56.650, -28.042, 31.56, -0.94089, -0.0416, -0.13098, 0.30942,
 00:17:56.482,WT901BLE67(D03E7DA4620A), 0.517, -0.384, -0.169, -456.36, 316.772, -92.102, -47.417, 32.344, -57.321, -13.175, 56.650, -28.042, 31.56, -0.94089, -0.0416, -0.13098, 0.30942,
 00:17:56.662,WT901BLE67(D03E7DA4620A), 0.62, 0.12, -1.245, -388.55, 462.891, 31.921, -122.091, 30.701, -106.084, -13.175, 56.650, -28.042, 31.56, -0.94089, -0.0416, -0.13098, 0.30942,
 00:17:56.752,WT901BLE67(D03E7DA4620A), 0.583, -1.062, -1.056, 265.747, -32.104, -323.181, -119.009, 3.021, -109.385, -13.175, 56.650, -28.042, 31.56, -0.94089, -0.0416, -0.13098, 0.30942,
 00:17:56.792,WT901BLE67(D03E7DA4620A), 0.458, -1.737, -0.801, 53.284, -52.246, -237.244, -114.417, -23.478, -95.9, -13.175, 56.650, -28.042, 31.56, -0.94089, -0.0416, -0.13098, 0.30942,
 00:17:56.901,WT901BLE67(D03E7DA4620A), 0.967, -1.335, -0.651, -9.766, -110.962, -66.101, -118.746, -33.755, -80.645, -13.175, 56.650, -28.042, 31.56, -0.94089, -0.0416, -0.13098, 0.30942,
 00:17:56.993,WT901BLE67(D03E7DA4620A), 1.839, -0.725, -0.227, 206.665, -179.321, -202.393, -122.981, -31.635, -58.585, -13.175, 56.650, -28.042, 31.56, -0.94089, -0.0416, -0.13098, 0.30942,
 00:17:57.142,WT901BLE67(D03E7DA4620A), 1.779, -1.453, 0.636, 389.526, 178.894, -313.965, -86.446, -49.175, -46.439, -42.883, -30.425, 40.658, 31.56, -0.94089, -0.0416, -0.13098, 0.30942,
 00:17:57.232,WT901BLE67(D03E7DA4620A), 0.247, -0.943, -0.224, -135.437, 572.388, 5.615, -16.716, -38.276, -96.026, -42.883, -30.425, 40.658, 31.56, -0.59012, 0.32172, 0.10764, 0.73251,
 00:17:57.320,WT901BLE67(D03E7DA4620A), 0.077, -0.627, -0.512, -64.758, 271.118, 178.162, -15.474, 3.153, -92.054, -42.883, -30.425, 40.658, 31.56, -0.59012, 0.32172, 0.10764, 0.73251,
 00:17:57.413,WT901BLE67(D03E7DA4620A), 0.25, -0.095, 0.051, 125.671, -39.795, 223.877, -19.429, 17.534, -78.085, -42.883, -30.425, 40.658, 31.56, -0.59012, 0.32172, 0.10764, 0.73251,
 00:17:57.532,WT901BLE67(D03E7DA4620A), 0.449, 0.45, 0.334, 15.503, -61.523, 143.982, -6.339, 15.167, -57.085, -37.333, 38.733, -36.350, 31.56, -0.59012, 0.32172, 0.10764, 0.73251,
 00:17:57.622,WT901BLE67(D03E7DA4620A), 0.059, 0.286, 0.685, -48.828, -60.303, 52.063, -4.493, 4.312, -44.517, -37.333, 38.733, -36.350, 31.56, -0.92834, 0.03171, -0.02206, 0.3696,
 00:17:57.741,WT901BLE67(D03E7DA4620A), 0.004, -0.018, 0.228, 97.229, 41.809, 121.399, -2.878, 1.126, -37.793, -37.333, 38.733, -36.350, 31.56, -0.92834, 0.03171, -0.02206, 0.3696,
 00:17:57.801,WT901BLE67(D03E7DA4620A), 0.001, 0.026, 1.004, -0.61, -0.732, -0.061, -1.719, 5.817, -33.772, -37.333, 38.733, -36.350, 31.56, -0.92834, 0.03171, -0.02206, 0.3696,
 00:17:57.952,WT901BLE67(D03E7DA4620A), -0.01, 0.028, 0.998, -0.183, -0.244, 0, -1.412, 5.345, -32.635, -15.200, 53.292, -22.842, 31.56, -0.92834, 0.03171, -0.02206, 0.3696,
 00:17:58.011,WT901BLE67(D03E7DA4620A), 0, 0.032, 1.003, 0.244, 0, 0.122, -1.187, 5.087, -31.619, -15.200, 53.292, -22.842, 31.56, -0.92834, 0.03171, -0.02206, 0.3696,
 00:17:58.132,WT901BLE67(D03E7DA4620A), 0, 0.03, 0.995, -0.122, -0.122, 0, -1.027, 4.845, -30.668, -15.200, 53.292, -22.842, 31.56, -0.9624, -0.00659, -0.03268, 0.26935,
 00:17:58.252,WT901BLE67(D03E7DA4620A), 0, 0.03, 0.995, -0.061, -0.061, -0.061, -0.884, 4.642, -29.789, -15.200, 53.292, -22.842, 31.56, -0.9624, -0.00659, -0.03268, 0.26935,
 00:17:58.341,WT901BLE67(D03E7DA4620A), 0, 0.03, 0.996, 0, 0, 0, -0.764, 4.449, -28.965, -15.067, 53.367, -22.800, 31.56, -0.9624, -0.00659, -0.03268, 0.26935,
 00:17:58.401,WT901BLE67(D03E7DA4620A), 0, 0.03, 0.997, 0, 0, 0, -0.643, 4.274, -28.18, -15.067, 53.367, -22.800, 31.56, -0.9624, -0.00659, -0.03268, 0.26935,
 00:17:58.521,WT901BLE67(D03E7DA4620A), 0, 0.03, 0.998, 0, 0, 0, -0.538, 4.103, -27.444, -15.067, 53.367, -22.800, 31.56, -0.97046, -0.00858, -0.02481, 0.23962,
 00:17:58.612,WT901BLE67(D03E7DA4620A), 0, 0.03, 0.999, 0, 0, 0, -0.445, 3.944, -26.757, -15.067, 53.367, -22.800, 31.56, -0.97046, -0.00858, -0.02481, 0.23962,
 00:17:58.791,WT901BLE67(D03E7DA4620A), 0, 0.029, 0.999, 0, 0, 0, -0.352, 3.79, -26.098, -15.067, 53.367, -22.800, 31.56, -0.97046, -0.00858, -0.02481, 0.23962,
 00:17:58.791,WT901BLE67(D03E7DA4620A), 0, 0.03, 1, 0, 0, 0, -0.269, 3.647, -25.477, -15.067, 53.367, -22.800, 31.56, -0.97046, -0.00858, -0.02481, 0.23962,
 00:17:58.941,WT901BLE67(D03E7DA4620A), 0, 0.03, 1, 0, 0, 0, -0.192, 3.51, -24.901, -15.067, 53.367, -22.800, 31.56, -0.97046, -0.00858, -0.02481, 0.23962,
 00:17:58.972,WT901BLE67(D03E7DA4620A), -0.001, 0.03, 1, 0, 0, 0, -0.121, 3.378, -24.362, -15.067, 53.367, -22.800, 31.56, -0.97046, -0.00858, -0.02481, 0.23962,
 00:17:59.091,WT901BLE67(D03E7DA4620A), 0, 0.029, 1, 0, 0, 0, -0.055, 3.257, -23.851, -15.067, 53.367, -22.800, 31.56, -0.97046, -0.00858, -0.02481, 0.23962,
 00:17:59.152,WT901BLE67(D03E7DA4620A), -0.001, 0.03, 1, 0, 0, 0, 0.005, 3.142, -23.373, -15.067, 53.367, -22.800, 31.56, -0.97046, -0.00858, -0.02481, 0.23962,
 00:17:59.302,WT901BLE67(D03E7DA4620A), 0, 0.03, 1, 0, 0, 0, 0.06, 3.032, -22.923, -15.192, 53.425, -22.900, 31.56, -0.97046, -0.00858, -0.02481, 0.23962,
 00:17:59.331,WT901BLE67(D03E7DA4620A), -0.001, 0.03, 1, 0, 0, 0, 0.11, 2.928, -22.495, -15.192, 53.425, -22.900, 31.56, -0.97046, -0.00858, -0.02481, 0.23962,
 00:17:59.451,WT901BLE67(D03E7DA4620A), 0, 0.029, 1, 0, 0, 0, 0.159, 2.829, -22.099, -15.192, 53.425, -22.900, 31.56, -0.97046, -0.00858, -0.02481, 0.23962,
 00:17:59.514,WT901BLE67(D03E7DA4620A), 0, 0.029, 1, 0, 0, 0, 0.203, 2.741, -21.72, -15.192, 53.425, -22.900, 31.56, -0.97046, -0.00858, -0.02481, 0.23962,
 00:17:59.631,WT901BLE67(D03E7DA4620A), 0, 0.03, 1, 0, 0, 0, 0.247, 2.653, -21.363, -15.192, 53.425, -22.783, 31.56, -0.97046, -0.00858, -0.02481, 0.23962,
 00:17:59.690,WT901BLE67(D03E7DA4620A), -0.001, 0.029, 1, 0, 0, 0, 0.286, 2.565, -21.033, -15.192, 53.425, -22.783, 31.56, -0.97046, -0.00858, -0.02481, 0.23962,
 00:17:59.812,WT901BLE67(D03E7DA4620A), 0, 0.029, 1, 0, 0, 0, 0.319, 2.488, -20.715, -15.192, 53.425, -22.783, 31.56, -0.98331, -0.01208, -0.0097, 0.18097,
 00:17:59.871,WT901BLE67(D03E7DA4620A), 0, 0.03, 1, 0, 0, 0, 0.357, 2.417, -20.418, -15.192, 53.425, -22.783, 31.56, -0.98331, -0.01208, -0.0097, 0.18097,
 00:18:00.022,WT901BLE67(D03E7DA4620A), 0, 0.03, 1, 0, 0, 0, 0.385, 2.346, -20.143, -15.192, 53.425, -22.783, 31.56, -0.98331, -0.01208, -0.0097, 0.18097,
 00:18:00.051,WT901BLE67(D03E7DA4620A), 0, 0.03, 0.999, 0, 0, 0, 0.417, 2.28, -19.88, -15.067, 53.358, -22.650, 31.56, -0.98331, -0.01208, -0.0097, 0.18097,
 00:18:00.171,WT901BLE67(D03E7DA4620A), -0.001, 0.029, 1, 0, 0, 0, 0.439, 2.219, -19.633, -15.067, 53.358, -22.650, 31.56, -0.98529, -0.01273, -0.00693, 0.17007,
 00:18:00.262,WT901BLE67(D03E7DA4620A), -0.001, 0.03, 1, 0, 0, 0, 0.467, 2.159, -19.402, -15.067, 53.358, -22.650, 31.56, -0.98529, -0.01273, -0.00693, 0.17007,
 00:18:00.381,WT901BLE67(D03E7DA4620A), 0, 0.029, 1.003, -0.061, -0.061, 0, 0.489, 2.104, -19.182, -15.067, 53.358, -22.650, 31.56, -0.98529, -0.01273, -0.00693, 0.17007,
 00:18:00.441,WT901BLE67(D03E7DA4620A), 0, 0.029, 1, 0, 0.061, 0, 0.511, 2.054, -18.973, -15.067, 53.358, -22.650, 31.56, -0.98529, -0.01273, -0.00693, 0.17007,
 00:18:00.561,WT901BLE67(D03E7DA4620A), 0, 0.03, 1.001, 0, 0, 0, 0.533, 2.005, -18.781, -15.250, 53.392, -22.692, 31.56, -0.98529, -0.01273, -0.00693, 0.17007,
 00:18:00.652,WT901BLE67(D03E7DA4620A), -0.001, 0.03, 1.001, 0, 0, 0, 0.549, 1.961, -18.594, -15.250, 53.392, -22.692, 31.56, -0.98657, -0.01312, -0.005, 0.16251,
 00:18:00.771,WT901BLE67(D03E7DA4620A), 0, 0.029, 0.999, 0, 0, 0, 0.566, 1.917, -18.424, -15.250, 53.392, -22.692, 31.56, -0.98657, -0.01312, -0.005, 0.16251,
 00:18:00.862,WT901BLE67(D03E7DA4620A), 0, 0.03, 1, 0, 0, 0, 0.588, 1.873, -18.265, -15.250, 53.392, -22.692, 31.56, -0.98657, -0.01312, -0.005, 0.16251,
 00:18:00.984,WT901BLE67(D03E7DA4620A), 0, 0.03, 1, 0, 0.061, 0, 0.604, 1.835, -18.111, -15.083, 53.392, -22.675, 31.56, -0.98657, -0.01312, -0.005, 0.16251,
 00:18:01.041,WT901BLE67(D03E7DA4620A), -0.001, 0.029, 0.999, 0.061, 0.061, 0, 0.615, 1.802, -17.968, -15.083, 53.392, -22.675, 31.56, -0.98752, -0.01349, -0.00348, 0.15662,
 00:18:01.162,WT901BLE67(D03E7DA4620A), 0, 0.029, 1, 0, 0, 0, 0.632, 1.769, -17.831, -15.083, 53.392, -22.675, 31.56, -0.98752, -0.01349, -0.00348, 0.15662,
 00:18:01.281,WT901BLE67(D03E7DA4620A), 0, 0.03, 0.999, 0, 0, 0, 0.643, 1.736, -17.704, -15.083, 53.392, -22.675, 31.56, -0.98752, -0.01349, -0.00348, 0.15662,
 00:18:01.372,WT901BLE67(D03E7DA4620A), -0.001, 0.03, 1, 0, 0, 0, 0.654, 1.703, -17.584, -15.042, 53.450, -22.950, 31.56, -0.98752, -0.01349, -0.00348, 0.15662,